ib_code,name,address,district,state,pincode,pincode_source,programmes,ib_since,school_type,boarding,gender,teaching_languages,website,source_url,captured_on
000067,Kodaikanal International School,"PO Box 25, Seven Roads Junction, Kodaikanal, Tamil Nadu,Tamil Nadu",DINDIGUL,TAMIL NADU,624101,board,DIPLOMA / IBCC / MYP / PYP,01 January 1976,PRIVATE,Boarding / Mixed,Coeducational,English,https://www.kis.in/,https://www.ibo.org/en/school/000067,2026-08-25
000220,American Embassy School,"American Embassy School, Chandragupta Marg, Chanakyapuri, New Dehli, 110 021",NEW DELHI,DELHI,110021,india_post_directory,DIPLOMA,01 June 1982,PRIVATE,Day,Coeducational,English,https://aes.ac.in/,https://www.ibo.org/en/school/000220,2026-08-25
000766,IIS World School (A Unit of Indian Council For International Amity),"Kshipra Path, Opposite VT Road, Mansarovar, Jaipur, Rajasthan",JAIPUR,RAJASTHAN,302020,board,DIPLOMA,30 April 2012,PRIVATE,Day,Coeducational,English,https://www.iisjaipur.org/,https://www.ibo.org/en/school/000766,2026-08-25
000969,Mahindra United World College,"The Mahindra United World College of India, Sr. No 115, AT Khubawali, Taluka- Mulshi, Paud, Pune, Kothrud,Maharastra",PUNE,MAHARASHTRA,412108,board,DIPLOMA / IBCC,12 March 1997,PRIVATE,Boarding,Coeducational,English,https://uwcmahindracollege.org/,https://www.ibo.org/en/school/000969,2026-08-25
001070,Chinmaya International Residential School,"Nallurvayal Post, Siruvani Road, Coimbatore, Tamil Nadu, 641 114",COIMBATORE,TAMIL NADU,641114,india_post_directory,DIPLOMA,15 October 1998,PRIVATE,Boarding,Coeducational,English,https://www.cirschool.org/,https://www.ibo.org/en/school/001070,2026-08-25
001078,American School of Bombay,"American School of Bombay, SF 2, G Block, Bandra Kurla Complex, Bandra East, Mumbai, Maharashtra",MUMBAI SUBURBAN,MAHARASHTRA,400098,board,DIPLOMA / PYP,10 December 1998,PRIVATE,Day,Coeducational,English,https://www.asbindia.org/,https://www.ibo.org/en/school/001078,2026-08-25
001121,Canadian International School,"Survey 4 & 20 Manchenahalli Village, Yelahanka Hobli, Bangalore, Bengaluru, Karnataka, 560 064",BENGALURU URBAN,KARNATAKA,560064,india_post_directory,DIPLOMA,22 April 1999,PRIVATE,Mixed,Coeducational,English,https://www.canadianinternationalschool.com/,https://www.ibo.org/en/school/001121,2026-08-25
001226,The International School Bangalore,"NAFL Valley, Whitefield-Sarjapur Road, Near Dommasandra Circle, Bangalore, Karnataka,Karnataka",BENGALURU URBAN,KARNATAKA,562125,board,DIPLOMA / PYP,28 June 2000,PRIVATE,Mixed,Coeducational,English,https://www.tisb.org/,https://www.ibo.org/en/school/001226,2026-08-25
001350,Good Shepherd International School,"Good Shepherd Knowledge Village, M Palada P.O., Ootacamund, The Nilgiris, Tamil Nadu,Tamil Nadu",THE NILGIRIS,TAMIL NADU,643004,board,DIPLOMA / MYP / PYP,04 February 2002,PRIVATE,Boarding,Coeducational,English,https://www.gsis.ac.in/,https://www.ibo.org/en/school/001350,2026-08-25
001424,"Pathways World School, Gurgaon","Pathways World School, Aravali Retreat, Off Gurgaon Sohna Road, Gurugram, Gurgaon, Haryana",GURUGRAM,HARYANA,122102,board,DIPLOMA / MYP / PYP,20 January 2003,PRIVATE,Boarding / Mixed,Coeducational,English,https://www.pws.edu.in,https://www.ibo.org/en/school/001424,2026-08-25
001425,Dhirubhai Ambani International School,"5 Plot Scl, Bandra Kurla Complex Bandra East Mumbai, Bandra East Mumbai",MUMBAI SUBURBAN,MAHARASHTRA,400051,board,DIPLOMA,20 January 2003,PRIVATE,Day,Coeducational,English,https://www.dais.edu.in,https://www.ibo.org/en/school/001425,2026-08-25
001805,Mahindra International School,"P-26 Rajiv Gandhi Infotech Park, MIDC Phase 1, Hinjawadi, Pune, Maharashtra",PUNE,MAHARASHTRA,411057,board,DIPLOMA / MYP / PYP,16 June 1999,PRIVATE,Mixed / Day,Coeducational,English,https://www.misp.org/,https://www.ibo.org/en/school/001805,2026-08-25
001940,Ahmedabad International School,"Judges Bungalow Road, Opposite Rajpath Row Houses, Bodakdev, Ahmedabad, Gujarat",AHMADABAD,GUJARAT,380015,board,DIPLOMA / PYP,28 November 2003,PRIVATE,Day,Coeducational,English,https://www.aischool.net/,https://www.ibo.org/en/school/001940,2026-08-25
002149,Jamnabai Narsee International School,"Narsee Monjee Bhavan, N.S. Road No. 7, JVPD Scheme, Vile Parle (West), Mumbai, Maharashtra",MUMBAI SUBURBAN,MAHARASHTRA,400049,board,DIPLOMA / MYP / PYP,06 September 2004,PRIVATE,Day,Coeducational,English,https://www.jnis.ac.in/,https://www.ibo.org/en/school/002149,2026-08-25
002151,Ecole Mondiale World School,"Gulmohar Cross Road No: 9, JVPD, Juhu, Mumbai, Maharashtra",MUMBAI SUBURBAN,MAHARASHTRA,400049,board,DIPLOMA / MYP / PYP,06 September 2004,PRIVATE,Day,Coeducational,English,https://www.ecolemondiale.org,https://www.ibo.org/en/school/002151,2026-08-25
002198,Oakridge International School,"On Nanakramguda Road Cyberabad, Hyderabad, Andhra Pradesh",HYDERABAD,TELANGANA,500008,board,DIPLOMA / MYP / PYP,22 October 2004,PRIVATE,Day,Coeducational,English,https://www.oakridge.in/,https://www.ibo.org/en/school/002198,2026-08-25
002215,The British School New Delhi,"Rizal Marg, Chanakyapuri Delhi, New Delhi",NEW DELHI,DELHI,110021,board,DIPLOMA / IBCC,13 December 2004,PRIVATE,Day / Mixed,Coeducational,English,https://www.british-school.org/,https://www.ibo.org/en/school/002215,2026-08-25
002227,The Shri Ram School,"Moulsari Avenue DLF Phase-3, Gurgaon, Haryana",GURUGRAM,HARYANA,122002,board,DIPLOMA,31 January 2005,PRIVATE,Day,Coeducational,English,https://www.tsrs.org/,https://www.ibo.org/en/school/002227,2026-08-25
002228,Podar International School,"Saraswati Road, Santacruz (West), Mumbai, Maharashtra",MUMBAI SUBURBAN,MAHARASHTRA,400054,board,DIPLOMA / IBCC / PYP,31 January 2005,PRIVATE,Day,Coeducational,English / Hindi,https://www.podarinternationalschool.com/,https://www.ibo.org/en/school/002228,2026-08-25
002272,"Indus International School, Bangalore","Billapura Cross, Sarjapur, Bangalore, Karnataka",BENGALURU URBAN,KARNATAKA,562125,board,DIPLOMA / IBCC / MYP / PYP,21 March 2005,PRIVATE,Mixed,Coeducational,English / Spanish,https://www.indusschool.com/,https://www.ibo.org/en/school/002272,2026-08-25
002279,GD Goenka World School,"GD Goenka World School, GD Goenka education city, Gurgaon-Sohna road, Sohna, Haryana,Haryana",NUH,HARYANA,122103,board,DIPLOMA / IBCC / PYP,24 March 2005,PRIVATE,Mixed,Coeducational,English,https://www.gdgws.gdgoenka.com,https://www.ibo.org/en/school/002279,2026-08-25
002328,Choithram International,"5 Manik Bagh Road, Choithram Hospital Campus, Indore",INDORE,MADHYA PRADESH,452014,board,DIPLOMA / MYP / PYP,07 April 2005,PRIVATE,Mixed,Coeducational,English,https://choithraminternational.com/,https://www.ibo.org/en/school/002328,2026-08-25
002347,International School of Hyderabad,"c/o ICRISAT, PATANCHERU, HYDERABAD, Andhra Pradesh,TELENGANA",SANGAREDDY,TELANGANA,502324,board,DIPLOMA,28 April 2005,PRIVATE,Day,Coeducational,English,https://www.ishyd.org/,https://www.ibo.org/en/school/002347,2026-08-25
002388,Bangalore International School,"Geddalahalli, Hennur Bagalur Road, Kothanur Post, Bengaluru, Karnataka, 560 077",BENGALURU URBAN,KARNATAKA,560077,india_post_directory,DIPLOMA,02 June 2005,PRIVATE,Mixed,Coeducational,English,https://www.bangaloreinternationalschool.org/,https://www.ibo.org/en/school/002388,2026-08-25
002602,B.D. Somani International School,"625, G.D. Somani Marg, Cuffe Parade, Ganesh Murti Nagar, Mumbai, Maharashtra",MUMBAI,MAHARASHTRA,400005,board,DIPLOMA / PYP,06 February 2006,PRIVATE,Day,Coeducational,English,https://www.bdsomaniinternationalschool.com/,https://www.ibo.org/en/school/002602,2026-08-25
002603,The Doon School,"Mall Road, Dehradun, Uttarakhand, Dehradun",DEHRADUN,UTTARAKHAND,248001,board,DIPLOMA,28 August 2006,PRIVATE,Boarding,Male,English,https://www.doonschool.com/,https://www.ibo.org/en/school/002603,2026-08-25
002605,"Navrachana International School, Vadodara","Vasna Bhayali Road, Vadodara, Gujarat",VADODARA,GUJARAT,391410,board,DIPLOMA / IBCC / MYP / PYP,27 June 2006,PRIVATE,Mixed,Coeducational,English,https://www.nisvib.in,https://www.ibo.org/en/school/002605,2026-08-25
002672,DRS International School,"Campus Survey No 523, Opp. Apparel Park, Gundla Pochampally, Kompally, Medchal Mandal, R.R.District, Hyderabad, Hyderabad,Telanagana",MEDCHAL MALKAJGIRI,TELANGANA,500100,board,DIPLOMA / MYP / PYP,08 September 2008,PRIVATE,Mixed,Coeducational,English,https://www.drsinternational.com/,https://www.ibo.org/en/school/002672,2026-08-25
002675,Hill Spring International School,"M.P. Mill Compound, B B. Nakashe Marg, Tardeo, Mumbai",MUMBAI,MAHARASHTRA,400034,board,DIPLOMA / PYP,22 November 2007,PRIVATE,Day,Coeducational,English,https://www.hsieducation.org,https://www.ibo.org/en/school/002675,2026-08-25
002760,Jayshree Periwal International School,"Mahindra SEZ Road, Mahapura, Jaipur, Rajasthan",JAIPUR,RAJASTHAN,302026,board,DIPLOMA / MYP / PYP,28 February 2006,PRIVATE,Boarding / Day,Coeducational,English,https://jpischool.com,https://www.ibo.org/en/school/002760,2026-08-25
002764,Jain International Residential School,"Jakkasandra Post, Kanakpura Road, Ramanagara District, Bangalore, Karnataka",RAMANAGARA,KARNATAKA,562112,board,DIPLOMA,14 April 2011,PRIVATE,Boarding,Coeducational,English,https://www.jirs.ac.in/,https://www.ibo.org/en/school/002764,2026-08-25
002767,Vishwashanti Gurukul World School,"Vishwashanti Gurukul World School, Rajbaug, Pune-Solapur Highway, Village- Loni Kalbhor, Pune, Maharashtra",PUNE,MAHARASHTRA,412201,board,DIPLOMA / IBCC / MYP / PYP,12 May 2006,PRIVATE,Mixed / Boarding,Coeducational,English,https://mitgurukul.com/,https://www.ibo.org/en/school/002767,2026-08-25
002798,Symbiosis International School,"Gate 1&2, Symbiosis Ishanya Campus, Viman Nagar, Pune, Maharashtra",PUNE,MAHARASHTRA,411014,board,DIPLOMA / MYP / PYP,14 June 2006,PRIVATE,Boarding / Day / Mixed,Coeducational,English / French,https://www.symbiosisinternationalschool.net/,https://www.ibo.org/en/school/002798,2026-08-25
002846,Victorious Kidss Educares,"Survey No. 53, 54 & 58, Hissa 2/1A, Off. Shreeram Society, Nagar Road, Kharadi, Pune, Maharashtra",PUNE,MAHARASHTRA,411014,board,DIPLOMA / MYP / PYP,08 September 2008,PRIVATE,Day,Coeducational,English,https://www.victoriouskidsseducares.org,https://www.ibo.org/en/school/002846,2026-08-25
003077,Fazlani L'Académie Globale,"Shivdas Chapsi Marg, Opp. Wallace Fortuna Towers, Mazagaon, Mumbai, Maharashtra",MUMBAI,MAHARASHTRA,400009,board,PYP,10 April 2007,PRIVATE,Day,Coeducational,English,https://flag.org.in/,https://www.ibo.org/en/school/003077,2026-08-25
003157,Singapore International School,"Next to Thakur Mall, On National Highway 8, Near Dahisar Toll Post, Adjacent to Thakur Mall, Mumbai, Maharashtra",,MAHARASHTRA,401104,board,DIPLOMA / PYP,10 April 2007,PRIVATE,Mixed / Day,Coeducational,English,https://www.sisindia.net/,https://www.ibo.org/en/school/003157,2026-08-25
003159,American International School-Chennai,"100 Feet Road, Taramani, Chennai, 600 113",CHENNAI,TAMIL NADU,600113,india_post_directory,DIPLOMA,10 April 2007,PRIVATE,Day,Coeducational,English,https://www.aischennai.org/,https://www.ibo.org/en/school/003159,2026-08-25
003409,Neerja Modi School,"Shipra Path, Mansarovar, Jaipur, Rajasthan",JAIPUR,RAJASTHAN,302020,board,DIPLOMA,02 February 2012,PRIVATE,Day,Coeducational,English,https://www.nmsindia.org/,https://www.ibo.org/en/school/003409,2026-08-25
003418,Ajmera Global School,"Yogi Nagar Road, Borivali WestMumbai",MUMBAI SUBURBAN,MAHARASHTRA,400092,board,PYP,19 October 2009,PRIVATE,Day,Coeducational,English,https://www.ajmeraglobalschool.com/,https://www.ibo.org/en/school/003418,2026-08-25
003436,The Galaxy School,"The Galaxy School, SNK Main Building, University Road, Rajkot, Gujarat",RAJKOT,GUJARAT,360005,board,DIPLOMA,30 April 2009,PRIVATE,None,Coeducational,English,https://www.thegalaxyschool.org,https://www.ibo.org/en/school/003436,2026-08-25
003482,Calorx Olive International School,"Besides Ahmedabad Dental College, Bhadaj - Ranchhodpura Road, Bhadaj, Ranchhodpura - Bhadej Road, Ahmedabad, Gujarat",AHMADABAD,GUJARAT,380060,board,DIPLOMA / MYP / PYP,23 October 2008,PRIVATE,Mixed / Day,Coeducational,English,https://www.cois.edu.in/,https://www.ibo.org/en/school/003482,2026-08-25
003508,Indus International School Pune,"576 Bhukum, Tal. Mulshi, Near Manas Resort, Maharashtra, Pune",PUNE,MAHARASHTRA,412115,board,DIPLOMA / IBCC / MYP / PYP,18 February 2011,PRIVATE,Mixed,Coeducational,English,https://www.indusschoolpune.com/,https://www.ibo.org/en/school/003508,2026-08-25
003510,SVKM J V PAREKH INTERNATIONAL SCHOOL,"Dadabhai Road, Vile Parle West, Off S. V. Road, Mumbai, Maharashtra",MUMBAI SUBURBAN,MAHARASHTRA,400056,board,DIPLOMA,13 May 2008,PRIVATE,Day,Coeducational,English,https://jvparekhintnl.ac.in/,https://www.ibo.org/en/school/003510,2026-08-25
003517,Amity Global School,"Sector 46, Gurgaon, Haryana",GURUGRAM,HARYANA,122002,board,DIPLOMA / PYP,25 March 2008,PRIVATE,Day,Coeducational,English,https://amityglobalschool.com/gurgaon/index.aspx,https://www.ibo.org/en/school/003517,2026-08-25
003527,Kanakia International School,"opp. Indian Oil Nagar, Nr. Shankara Colony, Behind Taasa Container Yard B, Ghatkopar - Mankhurd Link Road, Mumbai, Maharashtra",MUMBAI SUBURBAN,MAHARASHTRA,400088,board,DIPLOMA / MYP / PYP,25 March 2008,PRIVATE,Day,Coeducational,English,https://kanakiaschools.org/admission-kis-ib-chembur,https://www.ibo.org/en/school/003527,2026-08-25
003528,Johnson Grammar School IBDP,"Johnson Grammar School ICSE & IBDP, Plot No.A/16, Mallapur Road,Nacharam, Near Telephone Exchange,Uppal Mandal, Hyderabad, Telangana, 500 076",MEDCHAL MALKAJGIRI,TELANGANA,500076,india_post_directory,DIPLOMA,25 March 2008,PRIVATE,Day,Coeducational,English,https://www.jgsibdp.org,https://www.ibo.org/en/school/003528,2026-08-25
003535,HFS International,"Richmond Street, Senior School Building, Hiranandani Complex Powai, Mumbai, Maharashtra",MUMBAI SUBURBAN,MAHARASHTRA,400076,board,DIPLOMA,25 March 2008,PRIVATE,Day,Coeducational,English,https://hfsinternationalpowai.com/,https://www.ibo.org/en/school/003535,2026-08-25
003545,Scottish High International School,"G Block, Sushant Lok II, Sector 57, Sector 57, Gurgaon, Haryana,Haryana",GURUGRAM,HARYANA,122011,board,DIPLOMA / IBCC / PYP,16 March 2009,PRIVATE,Day,Coeducational,English / Hindi,https://www.scottishigh.com,https://www.ibo.org/en/school/003545,2026-08-25
003559,Suncity School,"Suncity Township, Sector-54, Gurugram, HARYANA",GURUGRAM,HARYANA,122002,board,DIPLOMA,18 September 2017,PRIVATE,Day,Coeducational,English,https://www.suncityschool.in,https://www.ibo.org/en/school/003559,2026-08-25
003566,Oberoi International School,"Western Express Highway, Goregaon EastMumbai",MUMBAI SUBURBAN,MAHARASHTRA,400063,board,DIPLOMA / MYP / PYP,02 June 2009,PRIVATE,Day,Coeducational,English,https://www.oberoi-is.org/,https://www.ibo.org/en/school/003566,2026-08-25
003604,Sancta Maria International School (Faridabad),"Sancta Maria International school, Sector 93, Near Bhupani Village, Faridabad, Haryana",FARIDABAD,HARYANA,121002,board,DIPLOMA / PYP,18 January 2019,PRIVATE,Boarding,Coeducational,English / Hindi,https://sanctamaria.co.in/en/,https://www.ibo.org/en/school/003604,2026-08-25
003762,M.Ct.M.Chidambaram Chettyar International School,"179 Luz Church Road, Mylapore, Chennai, Tamilnadu",CHENNAI,TAMIL NADU,600004,board,DIPLOMA,16 March 2009,PRIVATE,Day,Coeducational,English,https://www.mctminternational.com,https://www.ibo.org/en/school/003762,2026-08-25
003768,Dr. Pillai Global Academy,"Plot No. 1, RSC 48, Gorai-II, MHADA LAYOUT, Near Gorai Bus Depot, Borivali (West), Mumbai, Maharashtra",MUMBAI SUBURBAN,MAHARASHTRA,400092,board,DIPLOMA,23 February 2009,PRIVATE,Day,Coeducational,English,https://drpillaiglobalacademy.ac.in,https://www.ibo.org/en/school/003768,2026-08-25
003773,Garodia International Centre for Learning Mumbai,"Plot No. 55, 90 Feet Road, Ghatkopar East, Mumbai, Maharashtra",MUMBAI SUBURBAN,MAHARASHTRA,400077,board,DIPLOMA,13 February 2009,PRIVATE,Day,Coeducational,English,https://giclm.edu.in,https://www.ibo.org/en/school/003773,2026-08-25
003800,"Silver Oaks International School, Hyderabad","c/o SVS Educational Academy, 1-93/12A, Bachupally Vill & Mandal, Bachupally, Miyapur-Dindigal Road, Hyderabad, Telengana",MEDCHAL MALKAJGIRI,TELANGANA,500090,board,PYP,09 December 2010,PRIVATE,Day,Coeducational,English,https://www.silveroaks.co.in/,https://www.ibo.org/en/school/003800,2026-08-25
003810,NES International School Mumbai,"NES International School Mumbai, Opposite to Tara Singh Garden, Malabar Hill Road, Swapna Nagari, Mulund West - Mumbai, Maharashtra",MUMBAI SUBURBAN,MAHARASHTRA,400082,board,DIPLOMA / MYP / PYP,05 March 2009,PRIVATE,Day,Coeducational,English,https://www.nesinternational.org,https://www.ibo.org/en/school/003810,2026-08-25
003887,SARALA BIRLA ACADEMY,"Sarala Birla Academy, Jigani Road, Bannerghatta, Bangalore, Karnataka",BENGALURU URBAN,KARNATAKA,560083,board,DIPLOMA,16 March 2009,PRIVATE,Boarding,Male,English,https://www.saralabirlaacademy.com,https://www.ibo.org/en/school/003887,2026-08-25
004137,Ebenezer International School Bangalore,"Singena Aghara, Via Huskur Road, Near APMC Fruit Yard, Bangalore, Electronic City Phase-I,Karnataka",BENGALURU URBAN,KARNATAKA,560099,board,DIPLOMA / PYP,14 February 2017,PRIVATE,None / Mixed,Coeducational,English,https://www.eisbangalore.edu.in,https://www.ibo.org/en/school/004137,2026-08-25
004139,Glendale International School,"Plot no. A, Road No. 20, HMDA Lay out, Tellapur, Hyderabad, Medak District, Telangana",SANGAREDDY,TELANGANA,502032,board,PYP,17 July 2018,PRIVATE,Day,Coeducational,English,https://glendaleschool.org/in/,https://www.ibo.org/en/school/004139,2026-08-25
004190,Akal Academy Baru Sahib,"Akal Academy Baru Sahib, P O Baru Sahib, Via Rajgarh, Teh. Pachhad , Sirmour District, Sirmour, Distt. Sirmore, Himachal Pradesh",SIRMAUR,HIMACHAL PRADESH,173101,board,PYP,20 November 2013,PRIVATE,Boarding,Coeducational,English,https://www.akalacademybarusahib.com,https://www.ibo.org/en/school/004190,2026-08-25
004191,The Indian Public School - Coimbatore,"193 Sathy Road, S.S.Kulam Post, Coimbatore, Tamil Nadu",COIMBATORE,TAMIL NADU,641107,board,DIPLOMA / PYP,12 March 2012,PRIVATE,Boarding / Day,Coeducational,English,https://www.tipskovai.com,https://www.ibo.org/en/school/004191,2026-08-25
004195,Eastern Public School,"ward#1 , Abbas nagar, Bhopal, Madhya Pradesh",BHOPAL,MADHYA PRADESH,462036,board,DIPLOMA / PYP,11 May 2011,PRIVATE,Day,Coeducational,English,https://www.e-p-s.in/,https://www.ibo.org/en/school/004195,2026-08-25
004196,"Fountainhead School, Kunkni","Fountainhead School,Opp. Ambetha Water Tank, Kunkni, Rander – Dandi Road, Surat, Gujarat,Gujarat",SURAT,GUJARAT,395005,board,DIPLOMA / MYP / PYP,18 February 2011,PRIVATE,None / Day,Coeducational / None,English,https://www.fountainheadschools.org/,https://www.ibo.org/en/school/004196,2026-08-25
004220,"Indus International School, Hyderabad","Indus International school, Survey no. 424 & 425, Hyderabad, Telangana, Hyderabad, ANDHRA PRADESH,Telegana",RANGA REDDY,TELANGANA,501203,board,DIPLOMA / IBCC / MYP / PYP,26 May 2010,PRIVATE,Mixed,Coeducational,English,https://www.indusschool.com/international-school-hyderabad/,https://www.ibo.org/en/school/004220,2026-08-25
004684,"Vidya Global School, Bagpat Road, Meerut","Vidya Global School c/o Vidya Bal Mandli, Vidya Knowledge Park, Baghpat Road, Meerut, Uttar Pradesh",MEERUT,UTTAR PRADESH,250002,board,MYP / PYP,15 September 2011,PRIVATE,Day / Mixed,Coeducational,English / Hindi,https://vidyaglobalschool.com,https://www.ibo.org/en/school/004684,2026-08-25
004733,D Y Patil International School,"Opp MIG Colony Adarsh Nagar, Worli, Mumbai",MUMBAI,MAHARASHTRA,400030,board,DIPLOMA / IBCC / PYP,02 June 2009,PRIVATE,Day,Coeducational,English,https://www.dypisworli.in/,https://www.ibo.org/en/school/004733,2026-08-25
004787,"Dr. Pillai Global Academy, New Panvel","Sector 7, Khanda Colony, New Panvel (W), Navi Mumbai, Dist. Raigad, Mumbai, 410 206",RAIGAD,MAHARASHTRA,410206,india_post_directory,DIPLOMA,13 July 2009,PRIVATE,Day,Coeducational,English,https://www.dpgapanvel.ac.in,https://www.ibo.org/en/school/004787,2026-08-25
004876,Greenwood High,"No.8-14, Chikkawadayara Pura, Near Heggondahalli, Gunjur Post, Varthur via, Bangalore, Karnataka",BENGALURU RURAL,KARNATAKA,560087,board,DIPLOMA,18 February 2011,PRIVATE,Mixed,Coeducational,English,https://www.greenwoodhigh.edu.in/,https://www.ibo.org/en/school/004876,2026-08-25
004911,Stonehill International School,"259 / 333 / 334 / 335, Tarahunise Post, Jala Hobli, Bangalore, Bangalore North,Karnataka",BENGALURU URBAN,KARNATAKA,562157,board,DIPLOMA / IBCC / MYP / PYP,20 May 2010,PRIVATE,Day / Mixed,Coeducational,English,https://www.stonehill.in,https://www.ibo.org/en/school/004911,2026-08-25
004974,Aditya Birla World Academy,"Gamadia Colony Road, TulsiwadiMumbai",MUMBAI,MAHARASHTRA,400034,board,DIPLOMA,24 February 2010,PRIVATE,Day,Coeducational,English,https://www.adityabirlaworldacademy.com/,https://www.ibo.org/en/school/004974,2026-08-25
004975,Step by Step School,"Plot-A 10, Sector-132 Taj Expressway, Noida, Uttar Pradesh",GAUTAM BUDDHA NAGAR,UTTAR PRADESH,201303,board,DIPLOMA,24 April 2012,PRIVATE,Day,Coeducational,English,https://sbs-school.org/,https://www.ibo.org/en/school/004975,2026-08-25
004976,Sreenidhi International School,"Sreenity Workspace, D. No. 8-2-293/82/JIII/564/A/17, 4th Floor, Road No 92, Near Lotus Pond, Beside NTv, Jubilee Hills, Hyderabad, Telengana",HYDERABAD,TELANGANA,500033,board,DIPLOMA / IBCC / MYP / PYP,19 April 2010,PRIVATE,Mixed,Coeducational,English,https://sis.edu.in,https://www.ibo.org/en/school/004976,2026-08-25
006035,Modern School,"Sector E, Aliganj, Lucknow, Lucknow, Uttar Pradash",LUCKNOW,UTTAR PRADESH,226024,board,PYP,25 January 2013,PRIVATE,Day,Coeducational,English / Hindi,https://www.modernschool.org,https://www.ibo.org/en/school/006035,2026-08-25
006165,Calcutta International School Society,"724, Anandapur, Beside E M Bypass, Kolkata",KOLKATA,WEST BENGAL,700107,board,DIPLOMA,12 September 2012,PRIVATE,Day,Coeducational,English,https://www.calcuttais.edu.in,https://www.ibo.org/en/school/006165,2026-08-25
006295,Treamis International School,"263 Hulimangala Post, Hulimangala Post, Bangalore, Karnataka",BENGALURU URBAN,KARNATAKA,560095,board,DIPLOMA / PYP,26 April 2019,PRIVATE,Mixed,Coeducational,English / Kannada,https://treamis.org,https://www.ibo.org/en/school/006295,2026-08-25
006319,KiiT International School,"Kiit Campus 9, Bhubaneswar, Orissa,Odisha",KHORDHA,ODISHA,751024,board,DIPLOMA,30 December 2010,PRIVATE,Mixed,Coeducational,English,https://www.kiitis.ac.in,https://www.ibo.org/en/school/006319,2026-08-25
006381,Pathways School Gurgaon,"Pathways School Gurgaon (a unit of PRJ Ventures Pvt. Ltd., 2 Sainik Farms New Delhi, New Delhi, Delhi, Delhi",SOUTH,DELHI,110062,board,DIPLOMA / IBCC / MYP / PYP,27 July 2010,PRIVATE,Day,Coeducational,English,https://www.pathwaysgurgaon.edu.in/,https://www.ibo.org/en/school/006381,2026-08-25
006382,Pathways School Noida,"Pathways School Noida, A unit of Sarla Holdings Pvt Ltd., Sector 100, NCR East, Noida, Uttar Pradesh",GAUTAM BUDDHA NAGAR,UTTAR PRADESH,201301,board,DIPLOMA / IBCC / MYP / PYP,27 July 2010,PRIVATE,Day,Coeducational,English,https://www.pathwaysnoida.edu.in/,https://www.ibo.org/en/school/006382,2026-08-25
006430,Bombay International School,"Gilbert Building, 2nd Cross Lane, Babulnath, Mumbai, Maharashtra",MUMBAI,MAHARASHTRA,400007,board,DIPLOMA / PYP,17 March 2011,PRIVATE,Day,Coeducational,English,https://bis.edu.in,https://www.ibo.org/en/school/006430,2026-08-25
006560,The Cathedral and John Connon School,"6 Purushottamdas, Thakurdas Marg, Mumbai, Maharashtra",MUMBAI,MAHARASHTRA,400001,board,DIPLOMA,28 January 2015,PRIVATE,Day,Coeducational,English,https://www.cathedral-school.com/,https://www.ibo.org/en/school/006560,2026-08-25
006599,Oakridge International School,"Survey No. 166/6, Bowrampet Village, Near Bachupally, Hyderabad, Andhra Pradesh",MEDCHAL MALKAJGIRI,TELANGANA,500043,board,DIPLOMA / PYP,23 March 2012,PRIVATE,Day,Coeducational,English,https://www.oakridge.in/,https://www.ibo.org/en/school/006599,2026-08-25
006619,Lancers International School,"DLF Phase V, Sector 53, Gurgaon, Haryana",GURUGRAM,HARYANA,122001,board,DIPLOMA / IBCC / MYP / PYP,15 June 2011,PRIVATE,Mixed,Coeducational,English,https://www.lis.ac.in/,https://www.ibo.org/en/school/006619,2026-08-25
006671,"D Y Patil International School, Nerul","Dr.D.Y.Patil Vidyanagar, Sector 7, Nerul, Navi Mumbai",THANE,MAHARASHTRA,400706,board,DIPLOMA,01 June 2011,PRIVATE,Boarding,Coeducational,English,https://www.dypisnerul.in/,https://www.ibo.org/en/school/006671,2026-08-25
006748,Ryan Global School,"Yamuna Nagar, Lokhandwala, Andheri (west), Mumbai",MUMBAI SUBURBAN,MAHARASHTRA,400058,board,PYP,18 June 2012,PRIVATE,Day,Coeducational,English,https://www.ryanglobalschools.com/,https://www.ibo.org/en/school/006748,2026-08-25
006798,TRIO World Academy,"Trio Vidyakkendra Pvt Ltd, #3/5, Kodigehalli Main Road, Sahakar Nagar, Bangalore, Karnataka",BENGALURU URBAN,KARNATAKA,560092,board,DIPLOMA / PYP,10 April 2017,PRIVATE,Mixed,Coeducational,English,https://trioworldacademy.com,https://www.ibo.org/en/school/006798,2026-08-25
008013,The Heritage School,"994, Madurdaha, Chowbaga Road, Anandpur, P.O. East Kolkata Township, Kolkata, West Bengal",KOLKATA,WEST BENGAL,700107,board,DIPLOMA,24 April 2012,PRIVATE,Day,Coeducational,English,https://www.theheritageschool.org/,https://www.ibo.org/en/school/008013,2026-08-25
012012,Goldcrest International,"Plot No. 59, Sector 29, Near Rajiv Gandhi Park, (Vashi), Navi Mumbai, Maharashtra",THANE,MAHARASHTRA,400703,board,DIPLOMA,21 June 2013,PRIVATE,Day,Coeducational,English,https://www.goldcrestinternational.in/,https://www.ibo.org/en/school/012012,2026-08-25
043012,The Indian Public School - Chennai,"50/51,First Main Road, Perungudi Industrial Estate, Perungudi, Chennai, Tamil Nadu",CHENNAI,TAMIL NADU,600096,board,DIPLOMA / PYP,19 November 2014,PRIVATE,Day,Coeducational,English,https://www.tipsglobal.org/,https://www.ibo.org/en/school/043012,2026-08-25
049042,Ascend International School,"5, ‘F’ Block, Opp. Govt. Colony, Bandra Kurla Complex, Mumbai, Maharashtra",MUMBAI SUBURBAN,MAHARASHTRA,400051,board,DIPLOMA / MYP / PYP,01 April 2015,PRIVATE,Day,Coeducational,English,https://www.ascendinternational.org/,https://www.ibo.org/en/school/049042,2026-08-25
049046,Cambridge International Foundation School,"Urban Estate Phase 1, Jalandhar, Punjab",JALANDHAR,PUNJAB,144022,board,DIPLOMA / PYP,30 September 2013,PRIVATE,Boarding / Day,Coeducational,English,https://www.cifsjal.school/,https://www.ibo.org/en/school/049046,2026-08-25
049062,"CPS Global School, Thirumazhisai","Unit of Kupidisaatham Narayanaswami Educational Trust, SH 50, Thiruvallur Road, Thirumazhisai, Chennai, Tamil Nandu,Tamilnadu",THIRUVALLUR,TAMIL NADU,600124,board,DIPLOMA,24 April 2012,PRIVATE,Mixed,Coeducational,English,https://www.cpsglobalschool.com/,https://www.ibo.org/en/school/049062,2026-08-25
049091,Genesis Global School,"A - 12, Sector 132, Express Way, Noida, Noida, Uttar Pradesh,Uttar Pradesh",GAUTAM BUDDHA NAGAR,UTTAR PRADESH,201304,board,DIPLOMA / IBCC / MYP / PYP,25 October 2013,PRIVATE,Boarding / Mixed,Coeducational,English,https://www.genesisglobalschool.edu.in,https://www.ibo.org/en/school/049091,2026-08-25
049119,CHIREC International,"Survey no: 73, Sudarshan Nagar, Serilingampally, Hyderabad, Telangana 500133, Andhra Pradesh, Hyderabad, Telangana",MEDCHAL MALKAJGIRI,TELANGANA,500133,board,DIPLOMA / IBCC,23 March 2012,PRIVATE,Day,Coeducational,English,https://www.chirec.ac.in/,https://www.ibo.org/en/school/049119,2026-08-25
049173,Trivandrum International School,"Edackcode, P O Korani, Trivandrum, Kerala",THIRUVANANTHAPURAM,KERALA,695104,board,DIPLOMA / PYP,24 April 2012,PRIVATE,Mixed,Coeducational,English,https://www.trins.org/,https://www.ibo.org/en/school/049173,2026-08-25
049230,DSB International School,"Urmi Estate 95, Ganpatrao Kadam Marg, Opposite Peninsula Business Park, Lower Parel West, Mumbai, Maharashtra,Maharashtra",MUMBAI,MAHARASHTRA,400013,board,DIPLOMA,21 June 2013,PRIVATE,Day,Coeducational,English,https://www.dsbindia.com/,https://www.ibo.org/en/school/049230,2026-08-25
049247,Candor International School,"Begur-Koppa Road, Hullahalli, Off Bannerghatta Road,Near Electronic City, Bangalore, Karnataka",BENGALURU URBAN,KARNATAKA,560105,board,DIPLOMA / PYP,19 February 2013,PRIVATE,Mixed / Day,Coeducational,English,https://www.candorschool.edu.in/,https://www.ibo.org/en/school/049247,2026-08-25
049328,Mussoorie International School,"Srinagar Estate, Near Polo Ground, Mussoorie, Uttarakhand",DEHRADUN,UTTARAKHAND,248179,board,DIPLOMA / MYP / PYP,19 November 2016,PRIVATE,Boarding,Female,English / Hindi,https://misindia.net,https://www.ibo.org/en/school/049328,2026-08-25
049353,Christ Junior College - Residential,"Mysore Road,Kanminike,Kumbalgodu, Kanmanike,Kumbalgodu, Kumbalgodu, Bangalore, Karnataka,Karnataka",BENGALURU URBAN,KARNATAKA,560074,board,DIPLOMA,12 March 2014,PRIVATE,Boarding,Coeducational,English,https://www.cjcib.in,https://www.ibo.org/en/school/049353,2026-08-25
049369,The Aga Khan Academy Hyderabad,"Survey No: 1/1, Hardware Park, Maheshwaram Mandal, Rangareddy District, Hyderabad, Telangana",RANGA REDDY,TELANGANA,501510,board,DIPLOMA / MYP / PYP,06 September 2012,PRIVATE,Mixed,Coeducational,English / Hindi,https://www.agakhanacademies.org/hyderabad,https://www.ibo.org/en/school/049369,2026-08-25
049374,Excelsior American School,"Golf Course Road, behind Dell building, Sushant Lok, Phase I Block C2, DLF Phase 1 Sector 43, Gurgaon, Haryana",GURUGRAM,HARYANA,122001,board,DIPLOMA,20 July 2018,PRIVATE,Mixed,Coeducational,English,https://www.excelsioreducation.org,https://www.ibo.org/en/school/049374,2026-08-25
049428,Akshar Árbol International School,"11, Somasundaram Street, T.Nagar, Chennai, Tamil Nadu",CHENNAI,TAMIL NADU,600017,board,PYP,22 September 2014,PRIVATE,Day,Coeducational,English,https://www.akshararbol.edu.in/,https://www.ibo.org/en/school/049428,2026-08-25
049547,Manchester International School - Coimbatore,"Manchester International School, Coimbatore, SF 29/3A, Hudco Colony, Vellakinar, Coimbatore, Tamil Nadu",COIMBATORE,TAMIL NADU,641029,board,DIPLOMA / MYP / PYP,30 March 2015,PRIVATE,Mixed,Coeducational,English / Hindi,https://www.manchesters.in/,https://www.ibo.org/en/school/049547,2026-08-25
049708,The Indian Public School - Erode International,"Senapathypalayam, Goundachipalayam (Post), Erode, Tamil Nadu",ERODE,TAMIL NADU,638112,board,PYP,31 March 2015,PRIVATE,Mixed,Coeducational,English,https://tipserodeinternational.org/,https://www.ibo.org/en/school/049708,2026-08-25
049729,Edubridge International School,"Chankya Gyan Kendra, Edubridge International School, Vadilal Patel Road, Shapur Baug, Grand Road East, Mumbai, Maharashtra,Maharashtra",MUMBAI,MAHARASHTRA,400007,board,DIPLOMA / MYP / PYP,25 February 2014,PRIVATE,Boarding / Day,Coeducational,English,https://www.edubridgeschool.org/,https://www.ibo.org/en/school/049729,2026-08-25
049833,JG International School,"JG Campus of Excellence, Opp. Gulab Tower, Off Sola Road, Ahmedabad, Gujarat",AHMADABAD,GUJARAT,380061,board,DIPLOMA,23 April 2014,PRIVATE,Mixed,Coeducational,English,https://www.jginternationalschool.in,https://www.ibo.org/en/school/049833,2026-08-25
049873,Firststeps School,"Opp. Blind Girls Hostel, Sector 26, Chandigarh",CHANDIGARH,CHANDIGARH,160019,board,PYP,05 October 2016,PRIVATE,Day,Coeducational,English,https://firststepsschool.org,https://www.ibo.org/en/school/049873,2026-08-25
050022,The Pupil,"162/1, Masilamani Nagar, Senneerkuppam, Chennai",THIRUVALLUR,TAMIL NADU,600056,board,DIPLOMA / MYP / PYP,07 November 2021,PRIVATE,Day,Coeducational,English,https://tpischool.in/,https://www.ibo.org/en/school/050022,2026-08-25
050068,The Indian Public School - Kochi,"Fr. Abel Nagar, Edachira, Kakkanad, Ernakulam, Kochi, Kerala",ERNAKULAM,KERALA,682030,board,PYP,17 April 2014,PRIVATE,Day,Coeducational,English / Hindi,https://www.tipskochi.com,https://www.ibo.org/en/school/050068,2026-08-25
050199,Mount Litera School International,"Plot No. SF 6. CTS No. 4207(PT), GN Block, Behind Asian Heart Hospital,Near UTI Building, Bandra Kurla Complex, Bandra East, Mumbai, Maharashtra",MUMBAI SUBURBAN,MAHARASHTRA,400051,board,DIPLOMA / MYP / PYP,04 November 2016,PRIVATE,Day,Coeducational,English,https://mlsi.in,https://www.ibo.org/en/school/050199,2026-08-25
050293,Hiranandani Upscale School (HUS),"HUS (Run by Hiranandani Upscale Foundation), 5/63, Old Mahabalipuram Road, Opp. Sipcot IT Park, Eggatur Village, Chennai, Tamil Nadu,Tamil Nadu",CHENGALPATTU,TAMIL NADU,600130,board,DIPLOMA / MYP / PYP,25 March 2015,PRIVATE,Day,Coeducational,English,https://hus.edu.in,https://www.ibo.org/en/school/050293,2026-08-25
050317,Focus High School,"Focus High School - MYP Campus, 22--8-321, Darushifa, Behind Salar Jung Museum, Hyderabad, Telangana",HYDERABAD,TELANGANA,500024,board,MYP / PYP,07 January 2017,PRIVATE,Day,Coeducational,English / Urdu,https://focushighschool.org,https://www.ibo.org/en/school/050317,2026-08-25
050346,Meridian School For Boys and Girls,"#8-2-541, Road No.7, Banjara Hills, Hyderabad, Telangana",HYDERABAD,TELANGANA,500034,board,PYP,19 March 2019,PRIVATE,Day,Coeducational,English / Hindi,https://meridianschool.in,https://www.ibo.org/en/school/050346,2026-08-25
050390,Neev Academy,"Sy.No.16, Yemalur - Kempapura Main Road, Opp. Sai Garden Appartments, Yemalur, Bangalore, Karnataka",BENGALURU URBAN,KARNATAKA,560037,board,DIPLOMA / MYP / PYP,21 April 2016,PRIVATE,Day,Coeducational,English,https://neevacademy.org,https://www.ibo.org/en/school/050390,2026-08-25
050406,Krishna Vikash Global School,"Krishna Vikash Global School, Veer Savarkar Nagar, Near Nandan Van, Raipur, Chhattisgarh",RAIPUR,CHHATTISGARH,492099,board,DIPLOMA / MYP / PYP,11 March 2016,PRIVATE,Day / Mixed,Coeducational,English,https://kvgsraipur.krishnavikash.com/ib/home,https://www.ibo.org/en/school/050406,2026-08-25
050426,"Heartfulness International School, Omega Branch","79, Omega school Road, Kolapakkam, Kovur Post, Chennai, Tamilnadu,Tamil Nadu",KANCHIPURAM,TAMIL NADU,600128,board,DIPLOMA,29 April 2015,PRIVATE,Day,Coeducational,English,https://www.hisomega.org,https://www.ibo.org/en/school/050426,2026-08-25
050469,"Oakridge International School, Mohali","Swara, Fatehgarh Sirhind Road, Near Landran, SAS Nagar, Greater Mohali, Punjab",S.A.S Nagar,PUNJAB,140307,board,DIPLOMA / PYP,23 November 2015,PRIVATE,Day,Coeducational,English,https://www.oakridge.in,https://www.ibo.org/en/school/050469,2026-08-25
050472,"Amity Global School, Noida","K block , gate no 6, Amity campus, sector 44, Noida, Noida, Uttar Pradesh, 201 301",GAUTAM BUDDHA NAGAR,UTTAR PRADESH,201301,india_post_directory,DIPLOMA / PYP,22 June 2021,PRIVATE,Boarding / Day,Coeducational,English,https://amityglobalschool.com/noida,https://www.ibo.org/en/school/050472,2026-08-25
050641,One World International School Sarjapur,"Sy No:188/3 & 188/4, Dommasandra village, Sarjapur Road, Bangalore East, Bangalore, Karnataka",BENGALURU URBAN,KARNATAKA,562125,board,DIPLOMA / MYP / PYP,22 April 2016,PRIVATE,Day,Coeducational,English / French,https://owis.org/in/bangalore/sarjapur/,https://www.ibo.org/en/school/050641,2026-08-25
050684,HERITAGE INTL XPERIENTIAL SCHOOL,"HIXS Middle and Senior Campus, Heritage Avenue near sec 58, Gurugram, Gurugram, Haryana",GURUGRAM,HARYANA,122102,board,DIPLOMA / PYP,27 March 2015,PRIVATE,Day,Coeducational,English / Hindi,https://www.hixs.org,https://www.ibo.org/en/school/050684,2026-08-25
050698,"Oakridge International School, Bengaluru","Near Dommasandra Circle, Varthur- Sarjapur Road, Bangalore, Karnataka",BENGALURU URBAN,KARNATAKA,562125,board,DIPLOMA / MYP / PYP,08 January 2016,PRIVATE,Boarding / Day,Coeducational,English,https://oakridge.in/bangalore/index.html,https://www.ibo.org/en/school/050698,2026-08-25
051051,Nahar International School,"Nahar's Amrit Shakti, Chandivali Farm Road, Off Saki Vihar Road, Mumbai, Andheri East,Mahrashtra",MUMBAI SUBURBAN,MAHARASHTRA,400072,board,DIPLOMA,12 July 2016,PRIVATE,Day,Coeducational,English,https://nahar-is.org,https://www.ibo.org/en/school/051051,2026-08-25
051086,Sanskar School,"117-121, Vishwamitra Marg, Hanuman Nagar Ext.,Sirsi Road, Jaipur, Rajasthan",JAIPUR,RAJASTHAN,302012,board,DIPLOMA / PYP,25 May 2016,PRIVATE,Day,Coeducational,English,https://sanskarjpr.com,https://www.ibo.org/en/school/051086,2026-08-25
051125,Smt. Sulochanadevi Singhania School (IBDP),"Pokharan Road No.1, J K Gram, Thane (West), Thane, Maharashtra",THANE,MAHARASHTRA,400606,board,DIPLOMA,25 February 2016,PRIVATE,None,Coeducational,English,https://singhaniaschoolibdp.org,https://www.ibo.org/en/school/051125,2026-08-25
051143,Delhi Public School Ghaziabad,"Site No.3, Meerut Road, Ghaziabad, Uttar Pradesh",GHAZIABAD,UTTAR PRADESH,201003,board,DIPLOMA,25 April 2016,PRIVATE,Day,Coeducational,English,https://dpsghaziabad.com,https://www.ibo.org/en/school/051143,2026-08-25
051172,DPSG International,"P O Dasna, Hindon Nagar, Dasna, Ghaziabad, Uttar Pradesh",GAUTAM BUDDHA NAGAR,UTTAR PRADESH,201302,board,PYP,22 June 2017,PRIVATE,Day,Coeducational,English,https://www.dpsgs.org/international,https://www.ibo.org/en/school/051172,2026-08-25
051326,DPS International,"A Unit of Champa Devi Jaipuria Charitable Trust, HS-01, Block- W, South City-II, Sector-50, Golf Course Extension Road, Gurgaon, Haryana",GURUGRAM,HARYANA,122001,board,DIPLOMA / IBCC / MYP / PYP,10 June 2016,PRIVATE,Day,Coeducational,English,https://www.dpsiedge.edu.in,https://www.ibo.org/en/school/051326,2026-08-25
051370,Bunts Sanghas S M Shetty Intl School and Junior College,"Hiranandani Gardens, Powai, Mumbai, Maharashtra",MUMBAI SUBURBAN,MAHARASHTRA,400076,board,DIPLOMA,20 April 2016,PRIVATE,Day,Coeducational,English,https://www.smshettyinstitute.org,https://www.ibo.org/en/school/051370,2026-08-25
051457,Strawberry Fields High School,"Sector 26, Chandigarh, Union Territory",CHANDIGARH,CHANDIGARH,160019,board,DIPLOMA / PYP,21 October 2016,PRIVATE,Day,Coeducational,English,https://www.strawberryfieldshighschool.com,https://www.ibo.org/en/school/051457,2026-08-25
051564,Gateway International School,"Jebakadal Street, Kazhipattur, Padur, OMR, Chennai, Tami Nadu",CHENGALPATTU,TAMIL NADU,603103,board,DIPLOMA / MYP / PYP,20 December 2016,PRIVATE,Day,Coeducational,English,https://www.gatewayschools.edu.in,https://www.ibo.org/en/school/051564,2026-08-25
051816,Rockwell International School,"Sy No. 160(p) Gandipet Main Road, KOKAPET, Dist. Ranga Reddy, Hyderabad, Telangana",RANGA REDDY,TELANGANA,500075,board,DIPLOMA,19 March 2019,PRIVATE,Day,Coeducational,English,https://rockwellinternationalschool.com,https://www.ibo.org/en/school/051816,2026-08-25
051851,"Oakridge International School, Visakhapatnam","Oakridge International School, Visakhapatnam, NH 16 Road, Behind HP Petrol bunk, Maharajpeta Junction, Tagarapuvalasa, Visakhapatnam, Andhra Pradesh",VIZIANAGARAM,ANDHRA PRADESH,531162,board,DIPLOMA,19 June 2019,PRIVATE,Day,Coeducational,English,https://www.oakridge.in/visakhapatnam,https://www.ibo.org/en/school/051851,2026-08-25
051980,"Podar ORT International School, Worli","Podar ORT School Building, 68 Worli Hill Estate, Mumbai, Maharashtra",MUMBAI,MAHARASHTRA,400018,board,DIPLOMA / MYP / PYP,08 February 2019,PRIVATE,Day,Coeducational,English,https://podareducation.org/school/worli,https://www.ibo.org/en/school/051980,2026-08-25
052095,KC High,"KC High, Olympia Panache, Navallur, OMR, Chennai, Tamil Nadu",CHENGALPATTU,TAMIL NADU,600130,board,DIPLOMA,29 April 2018,PRIVATE,Day,Coeducational,English,https://www.kchigh.com,https://www.ibo.org/en/school/052095,2026-08-25
052099,Don Bosco International School,"Nathalal Parekh Marg, Matunga East, Mumbai, Maharashtra",MUMBAI,MAHARASHTRA,400019,board,DIPLOMA / PYP,02 July 2018,PRIVATE,Day,Coeducational,English,https://dbis.in,https://www.ibo.org/en/school/052099,2026-08-25
052163,Sharanya Narayani International School,"232/1, Thoranahalli, Byranahalli Post, Near Hoskote – Kolar Highway, Near Hoskote, Bangalore, Karnataka",KOLAR,KARNATAKA,563130,board,DIPLOMA / MYP / PYP,12 September 2018,PRIVATE,Mixed / Boarding,Coeducational,English,https://www.snis.edu.in,https://www.ibo.org/en/school/052163,2026-08-25
052185,The Gaudium School,"The Gaudium School, A Unit of Triaarsha Educational Society, Velimela (V) Ramachandrapuram Mandal, Sangareddy District, Hyderabad, Telangana",SANGAREDDY,TELANGANA,502300,board,DIPLOMA / MYP / PYP,06 April 2018,PRIVATE,Day / Mixed / None,Coeducational,English / Hindi,https://www.thegaudium.com,https://www.ibo.org/en/school/052185,2026-08-25
052316,Modern High School International,"78 Syed Amir Ali Avenue, Kolkata, West Bengal",KOLKATA,WEST BENGAL,700019,board,DIPLOMA,25 January 2018,PRIVATE,Day,Coeducational,English,https://mhsi.edu.in/,https://www.ibo.org/en/school/052316,2026-08-25
052406,aLphabet internationaL schooL,"3, MGR Salai, Palavakkam, ECR, Chennai, Tamilnadu",CHENNAI,TAMIL NADU,600041,board,DIPLOMA / MYP / PYP,06 March 2018,PRIVATE,Day,Coeducational,English,https://www.alphabet.school,https://www.ibo.org/en/school/052406,2026-08-25
052434,Bloomingdale International School,"Bloomingdale International School, Bloomingdale International School Road, Poranki, Behind AP Fisheries, Vijayawada, Andhra Pradesh",KRISHNA,ANDHRA PRADESH,521137,board,DIPLOMA / MYP / PYP,08 April 2019,PRIVATE,Day,Coeducational,English,https://bloomingdale.edu.in,https://www.ibo.org/en/school/052434,2026-08-25
052546,Christ Junior College,"HOSUR ROAD, Dharmaram College P O, BANGALORE, KARNATAKA",BENGALURU URBAN,KARNATAKA,560029,board,DIPLOMA,15 February 2018,PRIVATE,Day,Coeducational,English,https://www.christjuniorcollege.in,https://www.ibo.org/en/school/052546,2026-08-25
060025,MRS Educational Trust (Redbridge international Academy),"Survey #114, Bingipura Village, Begur Koppa Road,Hulimangala Post,Jigani Hobli, Bengaluru, Karnataka",BENGALURU URBAN,KARNATAKA,560105,board,DIPLOMA,13 December 2018,PRIVATE,Mixed,Coeducational,English,https://www.rbia.in,https://www.ibo.org/en/school/060025,2026-08-25
060039,The White School International,"HiLITE Knowledge Village, Parammal, Perumanna, Calicut, Kerala",KOZHIKODE,KERALA,673019,board,DIPLOMA / MYP / PYP,11 June 2019,PRIVATE,Mixed / Boarding,Coeducational,English,https://www.thewhiteschool.in,https://www.ibo.org/en/school/060039,2026-08-25
060061,"JBCN International School, Parel","Yogi Mansion, CTS No. 244, Dr. Walimbe Road, Parel (East), Mumbai, Maharashtra",MUMBAI,MAHARASHTRA,400012,board,DIPLOMA / PYP,06 March 2018,PRIVATE,Day,Coeducational,English / Hindi,https://www.jbcnschool.edu.in/jbcn-international-school-parel.html,https://www.ibo.org/en/school/060061,2026-08-25
060095,VIVA The School,"VIVA THE SCHOOL, Beside VVIT college campus, NAMBUR village, Pedakakani Mandal, Guntur, Andhra Pradesh",GUNTUR,ANDHRA PRADESH,522508,board,PYP,03 November 2018,PRIVATE,Boarding,Coeducational,English / Telugu,https://www.viva.school,https://www.ibo.org/en/school/060095,2026-08-25
060124,"The Shriram Millennium School, Noida","Sector 135, Noida Expressway, Noida",GAUTAM BUDDHA NAGAR,UTTAR PRADESH,201301,board,DIPLOMA,21 December 2021,PRIVATE,Day,Coeducational,English,https://www.tsms.org.in,https://www.ibo.org/en/school/060124,2026-08-25
060128,Legacy School,"Hennur Road, Bangalore, Karnataka",BENGALURU URBAN,KARNATAKA,560077,board,DIPLOMA,14 June 2018,PRIVATE,Day,Coeducational,English / Hindi,https://lsb.edu.in/,https://www.ibo.org/en/school/060128,2026-08-25
060149,Meridian School,"11/4and11/5,100ft Road opp.Cyber Towers Madhapur Hyderabad, Hyderabad",HYDERABAD,TELANGANA,500081,board,PYP,29 October 2019,PRIVATE,Day,Coeducational,English / Hindi,https://meridianmadhapur.com/,https://www.ibo.org/en/school/060149,2026-08-25
060150,SVB's International School Dombivli,"KALYAN SHILL ROAD, SANKARA NAGAR, SONARPADA, DOMBIVLI (E), THANE, MAHARASHTRA, 421 201",THANE,MAHARASHTRA,421201,india_post_directory,MYP / PYP,20 September 2018,PRIVATE,Day,Coeducational,English / Hindi,https://www.nesisd.org.in,https://www.ibo.org/en/school/060150,2026-08-25
060151,Finland International School - Thane,"Shreenagar Main Road No 27 Wagale Estate, Thane",THANE,MAHARASHTRA,400604,board,DIPLOMA,24 October 2019,PRIVATE,Day,Coeducational,English / Hindi,https://fisthane.in/,https://www.ibo.org/en/school/060151,2026-08-25
060159,The Universal School,"Plot No.17 B, Tilak road, Ghatkopar, Mumbai, Maharashtra",MUMBAI SUBURBAN,MAHARASHTRA,400077,board,DIPLOMA,05 February 2018,PRIVATE,Day,Coeducational,English / Hindi,https://ghatkopar.universalschool.edu.in/,https://www.ibo.org/en/school/060159,2026-08-25
060219,"C.P Goenka International School, Oshiwara","C P Goenka International School - A-21, Near the Income Tax Quarters, Oshiwara, Andheri West, MUMBAI, Maharashtra",MUMBAI SUBURBAN,MAHARASHTRA,400053,board,DIPLOMA,04 August 2018,PRIVATE,Day,Coeducational,English,https://www.cpgoenkainternationalschool.com/,https://www.ibo.org/en/school/060219,2026-08-25
060231,Sanjay Ghodawat International School,"Gat 555, Sangli- Kolhapur Highway, Post Atigre, Kolhapur, Maharashtra",KOLHAPUR,MAHARASHTRA,416118,board,DIPLOMA,07 May 2019,PRIVATE,Mixed,Coeducational,English / French,https://www.sgischool.in,https://www.ibo.org/en/school/060231,2026-08-25
060311,Fountainhead Wockhardt Global School,"Dr. Habil Khorakiwala Education and Health Foundation, Five Star Industrial Estate, MIDC, Shendra, Aurangabad, Maharashtra",AURANGABAD,MAHARASHTRA,431154,board,DIPLOMA / MYP / PYP,09 May 2019,PRIVATE,Day,Coeducational,English,https://fwgs.in,https://www.ibo.org/en/school/060311,2026-08-25
060325,Woodstock School,"Tehri Road, Mussoorie",DEHRADUN,UTTARAKHAND,248179,board,DIPLOMA / MYP,09 May 2019,PRIVATE,Boarding,Coeducational,English,https://www.woodstockschool.in,https://www.ibo.org/en/school/060325,2026-08-25
060444,Chinmaya International Vidyalaya,"P-125 , Warangade ,Maan, District Palghar, Maharashtra-401501, Boisar, Maharashtra",PALGHAR,MAHARASHTRA,401501,board,DIPLOMA / MYP / PYP,10 April 2020,PRIVATE,Day,Coeducational,English / Hindi,https://chinmayainternationalvidyalaya.com,https://www.ibo.org/en/school/060444,2026-08-25
060445,K.R. MANGALAM GLOBAL SCHOOL,"N-Block, Nandi Vithi Road, Greater Kailash-1, NEW DELHI, DELHI",SOUTH,DELHI,110048,board,DIPLOMA / IBCC / MYP / PYP,16 April 2020,PRIVATE,Day,Coeducational,English / Hindi,https://krmangalam.global/,https://www.ibo.org/en/school/060445,2026-08-25
060449,Akshar Arbol International School - ECR,"1/279 Bethel Nagar North 9th Street, Injambakkam, Chennai, Tamil Nadu",CHENNAI,TAMIL NADU,600115,board,DIPLOMA / PYP,24 April 2015,PRIVATE,Day,Coeducational,English,https://www.akshararbol.edu.in,https://www.ibo.org/en/school/060449,2026-08-25
060453,"JBCN International School, Oshiwara","Harrow Avenue, Off Andheri Link Road, Oshiwara, Behind Tarapore Towers,Oshiwara, Andheri (W), MUMBAI, Maharashtra",MUMBAI SUBURBAN,MAHARASHTRA,400058,board,DIPLOMA / PYP,18 October 2018,PRIVATE,Day,Coeducational,English,https://jbcnschool.edu.in,https://www.ibo.org/en/school/060453,2026-08-25
060570,CANARY THE SCHOOL,"D.no.1-110/3/B Gautami Valley, Near Substation Road, MAdinaguda, Hyderabad, Telangana, 5000049",MEDCHAL MALKAJGIRI,TELANGANA,500049,same_school_other_board,PYP,17 April 2020,PRIVATE,Day,Coeducational,English,https://www.canaryschool.in/,https://www.ibo.org/en/school/060570,2026-08-25
060598,Shantiniketan International School,"35-25,GK colony,RK Puram,Neredmet,Sanikpuri, Secunderabad, Telengana",HYDERABAD,TELANGANA,500056,board,PYP,29 October 2019,PRIVATE,Day,Coeducational,English,https://www.snis.org.in,https://www.ibo.org/en/school/060598,2026-08-25
060600,Shiv Nadar School Noida,"SS-1,168 Noida Expressway, NOIDA",GAUTAM BUDDHA NAGAR,UTTAR PRADESH,201305,board,DIPLOMA / MYP,05 February 2019,PRIVATE,Day,Coeducational,English,https://shivnadarschool.edu.in,https://www.ibo.org/en/school/060600,2026-08-25
060604,SHIV NADAR SCHOOL GURUGRAM,"E BLOCK, PAHARI ROAD, SUNSET BOULEVARD; OPPOSITE ARALIYAS, DLF CITY PHASE I, GURUGRAM",GURUGRAM,HARYANA,122002,board,DIPLOMA / MYP,06 March 2019,PRIVATE,Day,Coeducational,English,https://shivnadarschool.edu.in/gurgaon,https://www.ibo.org/en/school/060604,2026-08-25
060621,CHATRABHUJ NARSEE SCHOOL,"Off western Express Highway, Thakur Village, Kandivali East, Mumbai, Maharashtra",MUMBAI SUBURBAN,MAHARASHTRA,400101,board,DIPLOMA,04 June 2020,PRIVATE,Day,Coeducational,English,https://www.cns.ac.in,https://www.ibo.org/en/school/060621,2026-08-25
060686,NEXT School,"Ramniklal Zaverbhai Shah Trust, NEXT school, Off Devidayal road, Mulund West, MUMBAI, Maharashtra",MUMBAI SUBURBAN,MAHARASHTRA,400080,board,DIPLOMA / IBCC / MYP / PYP,02 December 2019,PRIVATE,Day,Coeducational,English,https://www.nextschool.org,https://www.ibo.org/en/school/060686,2026-08-25
060691,Oberoi International School - JVLR Campus,"Jogeshwari Vikroli Link Road, Jogeshwari East, Mumbai, Maharashtra",MUMBAI SUBURBAN,MAHARASHTRA,400060,board,DIPLOMA / MYP / PYP,31 January 2020,PRIVATE,Day,Coeducational,English,https://www.oberoi-is.org/,https://www.ibo.org/en/school/060691,2026-08-25
060713,Silver Oaks International School Visakhapatnam,"Beside Gitam Medical College Rushikonda Road Visakhapatnam, Visakhapatnam, Andhra Pradesh",VISAKHAPATANAM,ANDHRA PRADESH,530045,board,PYP,16 October 2019,PRIVATE,Day,Coeducational,English / Telugu,https://www.silveroaks.co.in,https://www.ibo.org/en/school/060713,2026-08-25
060831,Sunshine Worldwide School,"B -322, Bainguinim, Old Goa, Goa, Off NH - 748, Kadamba Plateau, Tiswadi, Old Goa",NORTH GOA,GOA,403402,board,IBCC / PYP,21 October 2020,PRIVATE,Day,Coeducational,English / Hindi,https://sunshineworldwideschool.com,https://www.ibo.org/en/school/060831,2026-08-25
060839,G Global School,"29A, Rajagoundampalayam, 2nd Street, Pallipalayam Main Road, Tiruchengode, Namakkal, Tamilnadu",NAMAKKAL,TAMIL NADU,637211,board,PYP,02 April 2020,PRIVATE,Day,Coeducational,English / Tamil,https://www.gglobalschool.com,https://www.ibo.org/en/school/060839,2026-08-25
060876,Ela Green School,"Karambur Village, Near Maraimalai Nagar, Chengalpattu Taluk, Chennai, Tamil Nadu",CHENGALPATTU,TAMIL NADU,603209,board,DIPLOMA / MYP / PYP,28 May 2021,PRIVATE,Mixed / Day,Coeducational,English,https://www.elagreenschool.org,https://www.ibo.org/en/school/060876,2026-08-25
060924,"Apeejay School International , Panchsheel Park","Panchsheel Park, Sheikh Sarai - 1, New Delhi, Delhi",SOUTH,DELHI,110017,board,DIPLOMA / MYP / PYP,18 June 2020,PRIVATE,Day,Coeducational,English,https://intl.apeejay.edu/,https://www.ibo.org/en/school/060924,2026-08-25
060926,BLISS International School,"38, Rajiv Gandhi Infotech Park, Phase 1, Hinjawadi, Pune, Maharashtra",PUNE,MAHARASHTRA,411057,board,DIPLOMA / MYP / PYP,22 January 2021,PRIVATE,Day,Coeducational,English / Hindi,https://blissinternationalschool.org/,https://www.ibo.org/en/school/060926,2026-08-25
061065,The International Village School Chennai,"89-91, Clasic Farms Road, Sholinganallur, Chennai, Tamil Nadu, 600 119",CHENNAI,TAMIL NADU,600119,india_post_directory,MYP / PYP,29 June 2020,PRIVATE,Day,Coeducational,English,https://internationalvillage.org,https://www.ibo.org/en/school/061065,2026-08-25
061077,"Gems Modern Academy, Kochi","Gems Education Society, Plot B1-4 , Smartcity Infrastructure Pvt Ltd, Brahmapuram, Kochi, Kerala",ERNAKULAM,KERALA,682303,board,PYP,30 November 2020,PRIVATE,Day,Coeducational,English,https://gemsmodernacademy-kochi.in,https://www.ibo.org/en/school/061077,2026-08-25
061092,Elpro International School,"Elpro International School IB Wing, Shridhar Nagar Road, Pimpri-Chinchwad Link Road, Pune, Maharashtra",PUNE,MAHARASHTRA,411033,board,DIPLOMA / IBCC,01 May 2021,PRIVATE,Day,Coeducational,English,https://www.elproschools.edu.in,https://www.ibo.org/en/school/061092,2026-08-25
061098,Bodhi International School,"Shikargargh, Jodhpur, Rajasthan",JODHPUR,RAJASTHAN,342001,board,PYP,01 May 2021,PRIVATE,Day,Coeducational,English,https://www.bodhijodhpur.com/,https://www.ibo.org/en/school/061098,2026-08-25
061210,GPS Brookes Kochi,"GPS Brookes Kochi , 12/122 , Thiruvaniyoor, via Chottanikkara, Ernakulam, Kerala",ERNAKULAM,KERALA,682308,board,DIPLOMA / PYP,24 February 2020,PRIVATE,Boarding / Mixed,Coeducational,English,https://gpsbrookeskochi.org/,https://www.ibo.org/en/school/061210,2026-08-25
061259,Kai Early Years,"66/2 Nallurhalli Main Road, Whitefield, Bangalore, Karnataka",BENGALURU URBAN,KARNATAKA,560066,board,PYP,29 September 2020,PRIVATE,Day,Coeducational,English / Hindi,https://www.kaiearlyyears.com,https://www.ibo.org/en/school/061259,2026-08-25
061347,G D GOENKA GLOBAL SCHOOL,"3130, BLOCK S, DLF PHASE 3, Gurgaon, Haryana",GURUGRAM,HARYANA,122010,board,PYP,23 December 2021,PRIVATE,Day,Coeducational,English / Hindi,https://www.gdgoenkaglobal.com,https://www.ibo.org/en/school/061347,2026-08-25
061396,Lady Andal School,"Lady Andal School, 'Shenstone Park' #7, Harrington Road, Chetpet, Chennai, Tamil nadu",CHENNAI,TAMIL NADU,600031,board,DIPLOMA / MYP / PYP,11 October 2021,PRIVATE,Day,Coeducational,English,https://www.ladyandalschool.edu.in,https://www.ibo.org/en/school/061396,2026-08-25
061408,The Indian Public School - Salem,"Near Kuruvampatti Zoological Park, Chettichavadi, Kannankuruchi, Salem, Tamilnadu",SALEM,TAMIL NADU,636008,board,PYP,14 June 2021,PRIVATE,Day,Coeducational,English / Tamil,https://www.theindianpubclischool.org,https://www.ibo.org/en/school/061408,2026-08-25
061424,GJR International School,"GJR International School, AECS Layout, Marathahalli, Marathahalli, Bangalore, Karnataka",BENGALURU URBAN,KARNATAKA,560037,board,PYP,15 March 2021,PRIVATE,Day,Coeducational,English,https://gjrinternationalschool.edu.in,https://www.ibo.org/en/school/061424,2026-08-25
061470,INTERNATIONAL FATEH ACADEMY,"International Fateh Academy, Academy Road, Jandiala Guru, Amritsar, Punjab",AMRITSAR,PUNJAB,143115,board,PYP,08 March 2022,PRIVATE,Mixed,Coeducational,English / Panjabi / Punjabi,https://fatehacademy.com,https://www.ibo.org/en/school/061470,2026-08-25
061489,Harvest International School,"Campus 1 - Kodathi Village, Carmalram Post, Off Sarjapur Road, Next to Kodathi Silk Farm, Bangalore, Karnataka, India",BENGALURU URBAN,KARNATAKA,560035,board,MYP / PYP,16 March 2021,PRIVATE,Day,Coeducational,English / Hindi,"https://www.harvestinternationalschool.in/,harvestibschool.com/",https://www.ibo.org/en/school/061489,2026-08-25
061551,INDIA KIDS SCHOOL,"Opp. H.P. Petrol Pump, Omara, Udhampur, Jammu and Kashmir",UDHAMPUR,JAMMU AND KASHMIR,182101,board,PYP,10 October 2023,PRIVATE,Day,Coeducational,English / Hindi,https://indiakidsschool.com,https://www.ibo.org/en/school/061551,2026-08-25
061558,Crossroads International School,"11 - 12, Modern Complex, Devendra Dham ki gali/ Lane, Opp Celebration Mall, Nr Water Tank, Udaipur, Rajasthan",UDAIPUR,RAJASTHAN,313003,board,PYP,27 June 2021,PRIVATE,Day,Coeducational,English / Hindi,https://www.crossroadsschool.in,https://www.ibo.org/en/school/061558,2026-08-25
061596,UNICOSMOS,"UNICOSMOS, School Site 2 Sector 55 Gurugram, off golf course road, Gurugram, Haryana",GURUGRAM,HARYANA,122011,board,PYP,10 February 2023,PRIVATE,Day,Coeducational,English / Hindi,https://www.unicosmos.in,https://www.ibo.org/en/school/061596,2026-08-25
061632,United World Academy,"Sy No. 1/1 and 62, Chikkawadayerapura, Sarjapur Hobali, Anekal Taluk, Bangalore, Karnataka",BENGALURU RURAL,KARNATAKA,560087,board,DIPLOMA,27 September 2024,PRIVATE,Day,Coeducational,English,https://uwa.edu.in,https://www.ibo.org/en/school/061632,2026-08-25
061657,SANATAN HIGH SCHOOL,"Sanatan High School, Ranjeet Nagar, Ranjeet Nagar, BHARATPUR, Rajasthan",BHARATPUR,RAJASTHAN,321001,board,PYP,06 September 2022,PRIVATE,Day,Coeducational,English / Hindi,https://www.sanatanschool.co.in,https://www.ibo.org/en/school/061657,2026-08-25
061695,Prometheus School,"I-7, Jaypee WishTown, Sector 131, Noida, Uttar Pradesh",GAUTAM BUDDHA NAGAR,UTTAR PRADESH,201304,board,DIPLOMA / MYP / PYP,01 May 2021,PRIVATE,Day,Coeducational,English / Hindi,https://www.prometheusschool.com/,https://www.ibo.org/en/school/061695,2026-08-25
061780,Shiv Nadar School Faridabad,"Neharpar, Greater Faridabad, Sector 82, FARIDABAD, Haryana",FARIDABAD,HARYANA,121002,board,DIPLOMA / MYP,15 March 2023,PRIVATE,Day,Coeducational,English,https://www.shivnadarschool.edu.in,https://www.ibo.org/en/school/061780,2026-08-25
061822,DPSG Palam Vihar,"Sector -1 , Major Sushil Aima Marg, I- Block, Palam Vihar, Opposite Metro hospital, Gurugram, Haryana",GURUGRAM,HARYANA,122017,board,PYP,01 December 2021,PRIVATE,Day,Coeducational,English / Hindi,https://pv.dpsgs.org,https://www.ibo.org/en/school/061822,2026-08-25
061875,Cochin International School,"18/431A, Vayanashala Chemmalapady Road, Pukkattupady, Malayidamthuruth P.O, Ernakulam, Kerala",ERNAKULAM,KERALA,683561,board,DIPLOMA / PYP,03 November 2023,PRIVATE,Mixed / Day,Coeducational,English,https://www.cochins.org/,https://www.ibo.org/en/school/061875,2026-08-25
061905,SKILL STORK INTERNATIONAL SCHOOL,"55-1-219, SVS Campus, Bheemaram, Hasanparthy(m), Warangal, Telangana, Warangal Urban, Telangana",HANUMAKONDA,TELANGANA,506015,board,DIPLOMA / MYP / PYP,03 March 2023,PRIVATE,Day,Coeducational,English,https://www.skillstork.org,https://www.ibo.org/en/school/061905,2026-08-25
061912,KAMALA NIKETAN INTERNATIONAL SCHOOL,"No.3/4 A(P), 3/4 B(P) Block 1 Ward No.AA, Abhishekapuram Village, Via Kulumai Amman Temple, Trichy, Tamil Nadu",TIRUCHIRAPPALLI,TAMIL NADU,620001,board,PYP,12 December 2025,PRIVATE,Day,Coeducational,English / Tamil,https://www.kamalaniketan.com,https://www.ibo.org/en/school/061912,2026-08-25
061941,Amrita International Vidyalayam,"Amrita International Vidyalayam, Choodasandra, Huskur Post, Bengaluru, Karnataka",BENGALURU URBAN,KARNATAKA,560099,board,MYP / PYP,01 March 2022,PRIVATE,Day,Coeducational,English,https://www.amritainternational.com,https://www.ibo.org/en/school/061941,2026-08-25
062004,THE CHOICE SCHOOL.,"53 NADAMA EAST, THRIPUNITHURA, ERNAKULAM, KERALA",ERNAKULAM,KERALA,682301,board,DIPLOMA / MYP / PYP,16 January 2024,PRIVATE,Mixed,Coeducational,English / French / Malayalam,https://choiceschool.com/,https://www.ibo.org/en/school/062004,2026-08-25
062032,BGS International Academia School,"BGS Knowledge City, Gollahalli, Kengeri Hobli, Bangalore, Karnataka",BENGALURU URBAN,KARNATAKA,560074,board,DIPLOMA / PYP,21 September 2022,PRIVATE,Mixed,Coeducational,English / French,https://bgsias.school/,https://www.ibo.org/en/school/062032,2026-08-25
062124,Aarth Universal School,"Block No. 148, Malagama Village, Surat-Barbodhan Road, Surat, Gujarat",SURAT,GUJARAT,395005,board,MYP / PYP,22 November 2022,PRIVATE,Day,Coeducational,English,https://aarthuniversalschool.org,https://www.ibo.org/en/school/062124,2026-08-25
062150,"The Bombay Suburban Grain Dealers' Junior College of Commerce,Arts and Science","Road 1 Bhavishya Bharat Campus, Bhadran Nagar, Off S. V. Road, Malad (West), Mumbai, Maharashtra",MUMBAI SUBURBAN,MAHARASHTRA,400064,board,IBCC,17 October 2022,PRIVATE,Day,Coeducational,English,https://www.bsgdjrc.ac.in,https://www.ibo.org/en/school/062150,2026-08-25
062164,Udgam School for Children,"Udgam School for children, Opp. Sardar Patel institute, Thaltej, Ahmedabad, Ahmedabad, Gujrat",AHMADABAD,GUJARAT,380054,board,IBCC,19 September 2022,PRIVATE,Day,Coeducational,English,https://www.udgamschool.com,https://www.ibo.org/en/school/062164,2026-08-25
062193,C P Goenka International School (Pune),"Wagholi behind Hotel Mapple Ubale nagar, Pune, MH",PUNE,MAHARASHTRA,412207,board,IBCC,02 November 2022,PRIVATE,Day,Coeducational,English,https://www.cpgoenkapune.com,https://www.ibo.org/en/school/062193,2026-08-25
062207,"JBCN International School, Chembur","Yogi Tower, Chembur Education Society, CTS No. 1284, Ramakrishna Chemburkar Marg, Chembur, Mumbai, MH",MUMBAI SUBURBAN,MAHARASHTRA,400071,board,DIPLOMA / PYP,14 June 2022,PRIVATE,Day,Coeducational,English,https://www.jbcnschool.edu.in/chembur/,https://www.ibo.org/en/school/062207,2026-08-25
062209,"KNOWLEDGEUM ACADEMY, JAYANAGAR","JAIN KNOWLEDGE CAMPUS, # 44/4, District Fund Road, Jayanagar 9th Block, Bengaluru, Karnataka",BENGALURU URBAN,KARNATAKA,560069,board,DIPLOMA / IBCC,30 January 2022,PRIVATE,Day,Coeducational,English,https://knowledgeumacademy.in,https://www.ibo.org/en/school/062209,2026-08-25
062215,Delhi Public School Ghaziabad Vasundhara,"Sector 9, Vasundhara, Ghaziabad, Uttar Pradesh",GHAZIABAD,UTTAR PRADESH,201012,board,PYP,27 February 2023,PRIVATE,Day,Coeducational,English / Hindi,https://www.dpsgs.org/vasundhara,https://www.ibo.org/en/school/062215,2026-08-25
062222,Cygnus International School,"Besides Motnath Mahadev Temple, Harni, Vadodara, Gujarat",VADODARA,GUJARAT,390022,board,DIPLOMA,17 March 2022,PRIVATE,Day,Coeducational,English / Hindi,https://www.cygnusinternational.org,https://www.ibo.org/en/school/062222,2026-08-25
062228,One World International School Whitefield,"One World International School, 95, Goravigere Village, Kannamangala Post, Bidarahalli Hobli, Bengaluru East Taluk, Bengaluru, karnataka",BENGALURU RURAL,KARNATAKA,560067,board,MYP / PYP,04 January 2023,PRIVATE,Day,Coeducational,English / Hindi,https://owis.org/in/whitefield/,https://www.ibo.org/en/school/062228,2026-08-25
062396,Chaman Bhartiya School,"Chaman Bhartiya School, Bhartiya City, Thanisandra Main Road, Bangalore, Karnataka",BENGALURU URBAN,KARNATAKA,560064,board,DIPLOMA / MYP,23 September 2024,PRIVATE,Day,Coeducational,English / Kannada,https://www.chamanbhartiya.com,https://www.ibo.org/en/school/062396,2026-08-25
062440,Vedanya,"Central Park Resorts Rd, Sec-48, Gurugram, Haryana",GURUGRAM,HARYANA,122018,board,PYP,03 April 2024,PRIVATE,Day,Coeducational,English,https://www.vedanya.edu.in,https://www.ibo.org/en/school/062440,2026-08-25
062444,Satya School,"Satya School, Sector 49, Block-E, South City II, Gurgaon, Haryana",GURUGRAM,HARYANA,122018,board,PYP,30 June 2023,PRIVATE,Day,Coeducational,English,https://satyaschool.com,https://www.ibo.org/en/school/062444,2026-08-25
062466,Delhi Public School Bangalore East,"43/1B & 45 Kodathi Sulikunte Village, Dommasandra Post, Sarjapur Road, Bangalore, Karnataka",BENGALURU URBAN,KARNATAKA,562125,board,DIPLOMA / IBCC,04 April 2023,PRIVATE,Day,Coeducational,English,https://east.dpsbangalore.edu.in/,https://www.ibo.org/en/school/062466,2026-08-25
062574,Lucent Global School,"Lucent Global School, Harnag-Batengoo bye pass, Anantnag, Kashmir, JK",ANANTNAG,JAMMU AND KASHMIR,192101,board,PYP,06 June 2025,PRIVATE,Day,Coeducational,English,https://lucentglobalschool.com/,https://www.ibo.org/en/school/062574,2026-08-25
062596,Delhi Public School Bangalore North,"Sy No.35/1a, Sathanur Village, Bagalur Post, Jala Hobli, Bangalore, Karnataka",BENGALURU URBAN,KARNATAKA,562149,board,IBCC,15 March 2023,PRIVATE,Day,Coeducational,English,https://www.north.dpsbangalore.edu.in,https://www.ibo.org/en/school/062596,2026-08-25
062601,SHAMBHU DAYAL GLOBAL SCHOOL,"Opposite Nehru Stadium, Dayanand nagar, Ghaziabad, Uttar Pradesh",GHAZIABAD,UTTAR PRADESH,201001,board,MYP / PYP,20 November 2023,PRIVATE,Day,Coeducational,English / Hindi,https://www.sdglobalschool.com,https://www.ibo.org/en/school/062601,2026-08-25
062623,Glendale Academy,"Glendale Academy DonBoscoPost BandlagudaJagir RajendraNagar, DonBosco Post BandlagudaJagir Rajendra Nagar, Don Bosco Post Bandlaguda Jagir Rajendra Nagar, Hyderabad, Telangana",RANGA REDDY,TELANGANA,500086,board,DIPLOMA,23 May 2024,PRIVATE,Day,Coeducational,English,https://www..glendale.edu.in,https://www.ibo.org/en/school/062623,2026-08-25
062639,Sai International School,"5/A Chandaka I.E, Infocity Road, Bhubaneswar, Orissa",KHORDHA,ODISHA,751024,board,IBCC,30 May 2023,PRIVATE,Mixed,Coeducational,English,https://www.saiinternational.edu.in,https://www.ibo.org/en/school/062639,2026-08-25
062653,CPS GLOBAL SCHOOL Annanagar,"Unit of Kupidisaatham Narayanaswami Educational Trust (KNET), A 75 & 80, IIIrd Avenue, Anna Nagar Roundtana, Chennai, Anna Nagar East,Tamilnadu",CHENNAI,TAMIL NADU,600102,board,DIPLOMA,11 June 2022,PRIVATE,Day,Coeducational,English,https://www.cpsglobalschool.com,https://www.ibo.org/en/school/062653,2026-08-25
062654,Invictus International School,"Silver Oak Enclave, Loharka road, Amritsar, Punjab",AMRITSAR,PUNJAB,143001,board,DIPLOMA,07 August 2024,PRIVATE,Day,Coeducational,English / Hindi,https://Invictusschool.edu.in/,https://www.ibo.org/en/school/062654,2026-08-25
062689,Learners International School,"Learners International School, Knowledge Park -III, Greater Noida, Gautam Budh Nagar, Uttar Pradesh",GAUTAM BUDDHA NAGAR,UTTAR PRADESH,201308,board,PYP,20 October 2023,PRIVATE,Day,Coeducational,English,https://learners.international,https://www.ibo.org/en/school/062689,2026-08-25
062738,Adani International School,"Adani International School, Opp.Belvedere club, Near Vaishnodevi Circle, Shantigram,S.G.Highway, Ahmedabad, Gujarat",AHMADABAD,GUJARAT,382421,board,DIPLOMA / PYP,22 August 2023,PRIVATE,Day,Coeducational,English / Hindi,https://www.adaniinternationalschool.org,https://www.ibo.org/en/school/062738,2026-08-25
062743,Ryan Global School Kharghar,"Ryan Global School, Plot No 1 2 & 3, Sector No-11, Kharghar, Navi Mumbai, Maharashtra",RAIGAD,MAHARASHTRA,410210,board,IBCC,20 March 2023,PRIVATE,Day,Coeducational,English / Hindi,https://www.ryanglobalschools.com,https://www.ibo.org/en/school/062743,2026-08-25
062758,Vista International School,"Survey no 132/6 SEZ Gopanpally Vattingulapally, Next to New Wipro Office, Hyderabad, Telengana",RANGA REDDY,TELANGANA,500075,board,PYP,22 December 2023,PRIVATE,Day,Coeducational,English,https://www.vistaschool.edu.in,https://www.ibo.org/en/school/062758,2026-08-25
062796,Manav Rachna International school,"Sector 14, Faridabad, Faridabad, Haryana",FARIDABAD,HARYANA,121007,board,DIPLOMA / MYP / PYP,30 May 2024,PRIVATE,Day,Coeducational,English,https://mris.edu.in/global/,https://www.ibo.org/en/school/062796,2026-08-25
062804,Mount Abu Public School,"Sector-5, Rohini, Delhi, Delhi",NORTH WEST,DELHI,110085,board,PYP,15 November 2023,PRIVATE,Day,Coeducational,English / Hindi,https://www.mountabuschool.com,https://www.ibo.org/en/school/062804,2026-08-25
062846,Children's Academy International School,"Malad Cosmopolitan Education Trust, BL Murarka Marg, Bachani Nagar, Malad East, Mumbai, Maharashtra",MUMBAI SUBURBAN,MAHARASHTRA,400097,board,IBCC,19 April 2023,PRIVATE,Day,Coeducational,English,https://childrens-academy.in/,https://www.ibo.org/en/school/062846,2026-08-25
062860,Modern Public School,"B BLOCK, WEST SHALIMAR BAGH, delhi, DELHI",NORTH,DELHI,110088,board,PYP,06 September 2023,PRIVATE,Day,Coeducational,English / Hindi,https://www.mpsshalimarbagh.com/,https://www.ibo.org/en/school/062860,2026-08-25
062873,Utpal Shanghvi Global School,"East West Road No 3, J.V.P.D Scheme, Mumbai, Maharashtra",MUMBAI SUBURBAN,MAHARASHTRA,400049,same_school_other_board,PYP,10 July 2024,PRIVATE,Day,Coeducational,English,https://ppsijc.org,https://www.ibo.org/en/school/062873,2026-08-25
062884,Meluha International School,"4/20 Osman sagar Moinabad, Hyderabad, Telangana",RANGA REDDY,TELANGANA,500075,board,IBCC,03 August 2023,PRIVATE,Mixed,Coeducational,English,https://www.meluhaedu.com/,https://www.ibo.org/en/school/062884,2026-08-25
062909,Bihani Children's Academy,"Gagan path, Sri Ganganagar",GANGANAGAR,RAJASTHAN,335001,board,MYP,14 November 2024,PRIVATE,Day,Coeducational,English / Hindi,https://www.bihanichildrensacademy.com/,https://www.ibo.org/en/school/062909,2026-08-25
062920,The Shri Ram Academy,"Survey No. 219 (P), Vattinagulapalli (V), Rajendra Nagar (M), Hyderabad, Telangana",HYDERABAD,TELANGANA,500032,board,MYP / PYP,13 December 2023,PRIVATE,Day,Coeducational,English,https://www.tsrahyderabad.com,https://www.ibo.org/en/school/062920,2026-08-25
062937,The NEST School,"The NEST School, 363, Arcot Road (NSK Salai), Kodambakkam, Chennai, Tamil Nadu, 6000024",CHENNAI,TAMIL NADU,600024,india_post_directory,PYP,02 February 2024,PRIVATE,Day,Coeducational,English,https://thenest.school,https://www.ibo.org/en/school/062937,2026-08-25
062962,"Ruh Continuum School | International School, Coimbatore","Ruh Continuum School | International School, Coimbatore, Srisha Educational and Charitable Trust, SF No. 72/1 Vaigai Nagar, Pattanam, Coimbatore, Tamil Nadu",COIMBATORE,TAMIL NADU,641016,board,DIPLOMA / IBCC,12 April 2023,PRIVATE,Day,Coeducational,English,https://www.ruh.school,https://www.ibo.org/en/school/062962,2026-08-25
062971,Birla Open Minds International School,"Survey No.192/193 Outer Ring Road, Hyderabad, Telangana",SANGAREDDY,TELANGANA,502300,board,IBCC,03 May 2023,PRIVATE,Day,Coeducational,English,https://www.openminds-hyderabad.com/,https://www.ibo.org/en/school/062971,2026-08-25
062985,BVB International School,"Nagheta Road, Nagheta Road, Near RR Inter College Hardoi, Hardoi, Uttar Pradesh",HARDOI,UTTAR PRADESH,241001,board,DIPLOMA,16 March 2026,PRIVATE,Day,Coeducational,English / Hindi,https://www.bvbeducation.org,https://www.ibo.org/en/school/062985,2026-08-25
062991,10 X International School,"Indus International School Pvt Ltd, Billapura Cross, Sarjapura Road, Sarjapura, Bengaluru, Karnataka",BENGALURU URBAN,KARNATAKA,562125,board,DIPLOMA / MYP,23 October 2023,PRIVATE,Mixed / Day,Coeducational,English / Spanish / French,https://10xinternationalschool.com/,https://www.ibo.org/en/school/062991,2026-08-25
063011,Kunskapsskolan Gurgaon,"1122, Block-A, DLF Phase-1 Sector-28, Gurgaon",GURUGRAM,HARYANA,122002,board,DIPLOMA / MYP,06 December 2024,PRIVATE,Day,Coeducational,English / Hindi,https://ked.edu.in/ib-school,https://www.ibo.org/en/school/063011,2026-08-25
063040,Indus International Primary (Early Years) School,"Plot number 186 Road No 13 Jawahar colony Jubilee Hills, Hyderabad, Telangana",HYDERABAD,TELANGANA,500033,board,PYP,15 March 2024,PRIVATE,Day,Coeducational,English,https://ielc-hyd.indusschool.com/,https://www.ibo.org/en/school/063040,2026-08-25
063066,Johnson Grammar School Kokapet,"Plot No 65/6, Brindavan Colony, Narsingi, Hyderabad, Telangana",RANGA REDDY,TELANGANA,500075,board,PYP,10 April 2025,PRIVATE,Day,Coeducational,English,https://www.jgschool.in,https://www.ibo.org/en/school/063066,2026-08-25
063119,RP Goenka International School,"34/1/1 Diamond Harbour Road, Kolkata, West Bengal",KOLKATA,WEST BENGAL,700027,board,DIPLOMA / PYP,27 February 2025,PRIVATE,Day,Coeducational,English,https://www.rpgis.in,https://www.ibo.org/en/school/063119,2026-08-25
063161,Aspee Nutan Academy,"MARVE ROAD, MALAD WEST, MUMBAI, MAHARASHTRA",MUMBAI SUBURBAN,MAHARASHTRA,400064,board,IBCC,16 May 2024,PRIVATE,Day,Coeducational,English,https://www.aspeenutanacademy.org,https://www.ibo.org/en/school/063161,2026-08-25
063165,Universal Wisdom School,"Plot 6b, near Mahalunge Police Station, Pune",PUNE,MAHARASHTRA,411045,board,PYP,15 April 2026,PRIVATE,Day,Coeducational,English,https://www.universalwisdomschool.in/top-international-school.php,https://www.ibo.org/en/school/063165,2026-08-25
063245,Toddler's Den Early Learning Centre,"Strings Eduventures LLP, Toddler's Den, Railway Colony, S.V Road, Santacruz West, Mumbai, Maharashtra",MUMBAI SUBURBAN,MAHARASHTRA,400054,board,PYP,17 April 2026,PRIVATE,Day,Coeducational,English,https://www.todden.com/schools/todden-mumbai,https://www.ibo.org/en/school/063245,2026-08-25
063283,Wellington College International Pune,"Wellington College, Wagholi, Pune",PUNE,MAHARASHTRA,412007,board,DIPLOMA,30 June 2025,PRIVATE,Mixed,Coeducational,English,https://pune.wellingtoncollege.in/,https://www.ibo.org/en/school/063283,2026-08-25
063294,Radcliffe School,"Gottigere, Bannerghatta road",BENGALURU URBAN,KARNATAKA,560083,board,PYP,20 December 2024,PRIVATE,Day,Coeducational,English / Hindi,https://www.radcliffe.in/international-school-bengaluru/,https://www.ibo.org/en/school/063294,2026-08-25
063361,Harrow International School Bengaluru,"Harrow International School Bengaluru, National Highway 207, (Devanahalli-Doddaballapura Road), Bengaluru, Karnataka",BENGALURU RURAL,KARNATAKA,562110,board,DIPLOMA,10 May 2024,PRIVATE,Mixed,Coeducational,English,https://www.harrowbengaluru.in,https://www.ibo.org/en/school/063361,2026-08-25
063412,Manchester Global School,"Survey No 475, Rachuloor Road Srisailam Highway, Ranga Reddy, Telangana",RANGA REDDY,TELANGANA,501359,board,DIPLOMA / MYP / PYP,29 July 2025,PRIVATE,Mixed,Coeducational,English,https://www.manchester.global,https://www.ibo.org/en/school/063412,2026-08-25
063413,"Kothari International School, Noida","B-279, B Block, Sector 50, Noida, Uttar Pradesh",GAUTAM BUDDHA NAGAR,UTTAR PRADESH,201301,board,DIPLOMA,04 February 2025,PRIVATE,Day,Coeducational,English / Hindi,https://kotharischool.edu.in/,https://www.ibo.org/en/school/063413,2026-08-25
063439,VIRAJ INTERNATIONAL SCHOOL,"Survey no.27,Near Kurgaon Gram Panchayat office, Palghar, Maharashtra",PALGHAR,MAHARASHTRA,401502,board,IBCC,23 April 2025,PRIVATE,Mixed,Coeducational,English,https://www.virajinternationalschool.com,https://www.ibo.org/en/school/063439,2026-08-25
063463,Jain Vidyalaya,"New Natham Road, Thiruppalai, Madurai, Tamil Nadu",MADURAI,TAMIL NADU,625014,board,IBCC,03 March 2025,PRIVATE,Day,Coeducational,English,https://jainvidyalaya.in,https://www.ibo.org/en/school/063463,2026-08-25
063472,The Indian Public School - Trichy,"The Indian Public School, Ramji Nagar, Dindukal Byepass Road, K. Kallikudi North, Trichy, Tamil Nadu",TIRUCHIRAPPALLI,TAMIL NADU,620009,board,PYP,29 May 2025,PRIVATE,Day,Coeducational,English / Tamil,https://tipstrichy.org,https://www.ibo.org/en/school/063472,2026-08-25
063578,"Silver Oaks International School, Oakwinds Campus","Silver Oaks School, Oakwinds Campus Bowrampet Village, Hyderabad, Telangana",MEDCHAL MALKAJGIRI,TELANGANA,500043,board,DIPLOMA / MYP / PYP,10 February 2025,PRIVATE,Day,Coeducational,English,https://www.silveroaks.co.in/campus/bowrampet-hyderabad,https://www.ibo.org/en/school/063578,2026-08-25
063632,Finland International School Race Course,"Goenka Shiksha Foundation, Badamia Manor, S.K.Rathod Road, Off. Keshavrao Khadye Marg, Mahalaskhmi, Mumbai, Near Income Tax Office, Maharashtra",MUMBAI,MAHARASHTRA,400034,board,DIPLOMA / IBCC / MYP,23 April 2025,PRIVATE,Day,Coeducational,English,https://www.fis-racecourse.com/,https://www.ibo.org/en/school/063632,2026-08-25
063633,"Velammal Global School, Madurai","Velammal Global School, Velammal Medical college Campus, Anuppanadi, Madurai, Tamil Nadu",MADURAI,TAMIL NADU,625009,board,DIPLOMA / IBCC / MYP / PYP,09 December 2024,PRIVATE,Mixed,Coeducational,English,https://velammalglobalschool.com,https://www.ibo.org/en/school/063633,2026-08-25
063646,"St. Mary's School, Pune","St. Mary's School, 5-B Gen. Bhagat Marg, Camp, Pune, Maharashtra",PUNE,MAHARASHTRA,411001,board,DIPLOMA,13 March 2025,PRIVATE,Day,Coeducational,English,https://www.smspune.com,https://www.ibo.org/en/school/063646,2026-08-25
063657,The Seekers International,"c/o The Seekers Society for Education and Social Welfare, Sat Complex, sirhind bypass chowk, Patiala, Punjab",PATIALA,PUNJAB,147004,board,PYP,06 November 2025,PRIVATE,Day,Coeducational,English / Hindi,https://thelittleseekers.com,https://www.ibo.org/en/school/063657,2026-08-25
063778,"Stellar World School, Andheri","Back Road, Ahead of SVP Nagar MHADA telephone exchange, Andheri West, Andheri West, Mumbai, 400053, Mumbai, Maharashtra",MUMBAI SUBURBAN,MAHARASHTRA,400053,board,PYP,16 October 2025,PRIVATE,Day,Coeducational,English,https://www.sws.edu.in,https://www.ibo.org/en/school/063778,2026-08-25
063779,"Stellar World School, Bandra","Junction of 15th and 33rd Rd., Off Pali Hill, Bandra West, Mumbai, Maharashtra",MUMBAI SUBURBAN,MAHARASHTRA,400050,board,DIPLOMA / PYP,15 October 2025,PRIVATE,Day,Coeducational,English,https://sws.edu.in/bandra/,https://www.ibo.org/en/school/063779,2026-08-25
063790,"Shiv Nadar School, Chennai","1080 Damodar Gardens Blue Cross Road, Chennai, Tamil Nadu",CHENNAI,TAMIL NADU,600020,board,PYP,20 January 2026,PRIVATE,Day,Coeducational,English,https://shivnadarschool.edu.in/chennai,https://www.ibo.org/en/school/063790,2026-08-25
063807,Keystone School,"Puppalaguda Financial district, Hyderabad, telengana",HYDERABAD,TELANGANA,500032,board,DIPLOMA,03 March 2025,PRIVATE,Day,Coeducational,English,https://www.keystoneeducation.in,https://www.ibo.org/en/school/063807,2026-08-25
063836,"Stellar World School, Goregaon","Post office Road, Off Goregaon West Linking Road, Motilal Nagar 1, Mumbai, Maharashtra",MUMBAI SUBURBAN,MAHARASHTRA,400104,board,PYP,16 October 2025,PRIVATE,Day,Coeducational,English,https://www.sws.edu.in,https://www.ibo.org/en/school/063836,2026-08-25
063838,THE SCHOOL OF RAYA,"Hennur Bagalur Road, Dasanayakanahalli, Bengaluru, Karnataka",BENGALURU URBAN,KARNATAKA,562149,board,DIPLOMA / MYP / PYP,27 February 2025,PRIVATE,Day,Coeducational,English,https://www.theschoolofraya.com,https://www.ibo.org/en/school/063838,2026-08-25
063839,MAHATMA GLOBAL GATEWAY,"Sivaganga Road, Veerapanjan, Madurai, TAMILNADU",MADURAI,TAMIL NADU,625020,board,DIPLOMA,07 April 2026,PRIVATE,Day,Coeducational,English,https://mahatmaschools.com/,https://www.ibo.org/en/school/063839,2026-08-25
063922,Ruh Continuum School - K5 Campus,"50 Dhamu Nagar, Puliakulam, Coimbatore, Tamil Nadu",COIMBATORE,TAMIL NADU,641045,board,PYP,15 April 2026,PRIVATE,Day,Coeducational,English,https://ruhprimary.school,https://www.ibo.org/en/school/063922,2026-08-25
063924,Geneva Liberal School,"Near Cliantha Research Limited, Shantipura, SP RING ROAD, Ahmedabad, Gujarat",AHMADABAD,GUJARAT,380058,board,DIPLOMA,10 August 2026,PRIVATE,Mixed,Coeducational,English / French,https://www.genevaliberalschool.com,https://www.ibo.org/en/school/063924,2026-08-25
063940,GAET International School- Aldeia,"GAET international school-Aldeia, Aldeia De Goa, Near Goa university, Bambolim, Bambolim, GOA, Goa",NORTH GOA,GOA,403206,board,DIPLOMA,29 May 2025,PRIVATE,Day,Coeducational,English / Hindi,https://www.gaet.edu.in/gisaldeia,https://www.ibo.org/en/school/063940,2026-08-25
063988,"Shantiniketan International School, Bowrampet","Sys. no 704, Bowrampet, Near Bachupally, Hyderabad",MEDCHAL MALKAJGIRI,TELANGANA,500043,board,PYP,29 January 2026,PRIVATE,Day,Coeducational,English,https://snisbachupally.org,https://www.ibo.org/en/school/063988,2026-08-25
064029,10X International School Mysuru,"No. 11A, 11A1, Manathvady Main Road, Vidyaranyapura, Mysuru (Mysore), Karnataka",MYSURU,KARNATAKA,570008,board,DIPLOMA,07 July 2026,PRIVATE,Mixed,Coeducational,English,https://10xmysuru.org,https://www.ibo.org/en/school/064029,2026-08-25
064062,"Sanjay Ghodawat International School, Mulshi, Pune","Village: Rawade, Mulsi, Pune, Maharashtra",PUNE,MAHARASHTRA,412108,board,DIPLOMA,19 May 2025,PRIVATE,Boarding,Coeducational,English / French,https://www.sgispune.in,https://www.ibo.org/en/school/064062,2026-08-25
064105,Nita Mukesh Ambani Junior School,"Plot No. SF-7 & 9B, G-Block, Bandra Kurla Complex, Bandra Mumbai-91, Mumbai",MUMBAI SUBURBAN,MAHARASHTRA,400098,board,MYP / PYP,21 September 2023,PRIVATE,Day,Coeducational,English,https://www.nmajs.edu.in/,https://www.ibo.org/en/school/064105,2026-08-25
064144,"Silver Oaks International School, OakHills Campus","SILVER OAKS SCHOOL, Silver Oaks Educational Society, Plot no 13, 14 Sy no 120/4 Kommadi, Visakhapatnam, Opp Vijji Hides Layout. GST Regn: 37AAQAS4969M1ZC, Visakhapatnam, ANDHRA PRADESH",VISAKHAPATANAM,ANDHRA PRADESH,530048,board,PYP,06 March 2026,PRIVATE,Day,Coeducational,English / Telugu,https://www.silveroaks.co.in,https://www.ibo.org/en/school/064144,2026-08-25
064357,"Chatrabhuj Narsee School, Amanora","Amanora Park Town, Hadapsar, Pune, Pune",PUNE,MAHARASHTRA,411028,board,DIPLOMA,02 June 2026,PRIVATE,Day,Coeducational,English,https://cns.ac.in,https://www.ibo.org/en/school/064357,2026-08-25
064429,Delhi Public School R. K. Puram,"Kaifi Azmi Road , R. K. Puram Sector 12, New Delhi, Delhi",NEW DELHI,DELHI,110022,board,DIPLOMA,29 May 2026,PRIVATE,Boarding,Coeducational,English,https://www.dpsrkp.net,https://www.ibo.org/en/school/064429,2026-08-25
064536,Naavu School,"Plot Number 140, Bengaluru",BENGALURU URBAN,KARNATAKA,560066,board,DIPLOMA,05 June 2026,PRIVATE,Day,Coeducational,English,https://www.naavuschool.com,https://www.ibo.org/en/school/064536,2026-08-25
064771,Candiidus International School,"ORR Exit-3 (3km from Gachibowli), Hyderabad, Telangana",SANGAREDDY,TELANGANA,502300,board,DIPLOMA,08 July 2026,PRIVATE,Day,Coeducational,English,https://candiidusschool.com/,https://www.ibo.org/en/school/064771,2026-08-25
064810,"The Choice School, Calicut","viA NIT Calicut Nayakuzhi PO, Kozhikode",KOZHIKODE,KERALA,673601,board,DIPLOMA,22 April 2026,PRIVATE,Mixed,Coeducational,English,https://choiceschool.com,https://www.ibo.org/en/school/064810,2026-08-25
064900,Kunskapsskolan Lucknow,"Sector-A, Pocket-1, Ansal Sushant Golf City, Shaheed Path Road, Arya Rd, lucknow, Uttar Pradesh",LUCKNOW,UTTAR PRADESH,226002,board,DIPLOMA,02 July 2026,PRIVATE,Day,Coeducational,English,https://www.ked.edu.in,https://www.ibo.org/en/school/064900,2026-08-25
064902,Kunskapsskolan International School,"Gul Farm Complex, Gurugram, Haryana",GURUGRAM,HARYANA,122004,board,DIPLOMA,15 June 2026,PRIVATE,Day,Coeducational,English,https://www.ked.edu.in/international,https://www.ibo.org/en/school/064902,2026-08-25
